CalledComponentName,Called Component Type,Status,Found in Columbus as Diff type,Application Code,Application Name,Application Owner
AP102S9,COBOL,Missing,-,AP,Actuarial,"Hutto, Amy"
AP102S8,COBOL,Missing,-,AP,Actuarial,"Hutto, Amy"
AP10400,COBOL,Missing,-,AP,Actuarial,"Hutto, Amy"
AP10500,COBOL,Missing,-,AP,Actuarial,"Hutto, Amy"
AP10600,COBOL,Missing,-,AP,Actuarial,"Hutto, Amy"
NC232RE2,COBOL,Missing,-,NC,New Business Scorecard,"Hutto, Amy"
APSOL000,COBOL,Missing,-,AP,Actuarial,"Hutto, Amy"
APSOL001,COBOL,Missing,-,AP,Actuarial,"Hutto, Amy"
APSOL100,COBOL,Missing,-,AP,Actuarial,"Hutto, Amy"
APSOL110,COBOL,Missing,-,AP,Actuarial,"Hutto, Amy"
APSOL120,COBOL,Missing,-,AP,Actuarial,"Hutto, Amy"
APSOL130,COBOL,Missing,-,AP,Actuarial,"Hutto, Amy"
APSOL140,COBOL,Missing,-,AP,Actuarial,"Hutto, Amy"
APSOL150,COBOL,Missing,-,AP,Actuarial,"Hutto, Amy"
APSOL160,COBOL,Missing,-,AP,Actuarial,"Hutto, Amy"
APSOL200,COBOL,Missing,-,AP,Actuarial,"Hutto, Amy"
APSOL210,COBOL,Missing,-,AP,Actuarial,"Hutto, Amy"
APSOL220,COBOL,Missing,-,AP,Actuarial,"Hutto, Amy"
APSOL230,COBOL,Missing,-,AP,Actuarial,"Hutto, Amy"
APSOL250,COBOL,Missing,-,AP,Actuarial,"Hutto, Amy"
APSOL260,COBOL,Missing,-,AP,Actuarial,"Hutto, Amy"
APSOL300,COBOL,Missing,-,AP,Actuarial,"Hutto, Amy"
APSOL310,COBOL,Missing,-,AP,Actuarial,"Hutto, Amy"
APSOL400,COBOL,Missing,-,AP,Actuarial,"Hutto, Amy"
APSOL410,COBOL,Missing,-,AP,Actuarial,"Hutto, Amy"
APSOL420,COBOL,Missing,-,AP,Actuarial,"Hutto, Amy"
APSOL430,COBOL,Missing,-,AP,Actuarial,"Hutto, Amy"
APSOL500,COBOL,Missing,-,AP,Actuarial,"Hutto, Amy"
APSOL510,COBOL,Missing,-,AP,Actuarial,"Hutto, Amy"
APSOL520,COBOL,Missing,-,AP,Actuarial,"Hutto, Amy"
APSOL530,COBOL,Missing,-,AP,Actuarial,"Hutto, Amy"
APSOL600,COBOL,Missing,-,AP,Actuarial,"Hutto, Amy"
APSOL620,COBOL,Missing,-,AP,Actuarial,"Hutto, Amy"
APSOL800,COBOL,Missing,-,AP,Actuarial,"Hutto, Amy"
APSOL900,COBOL,Missing,-,AP,Actuarial,"Hutto, Amy"
APSOL910,COBOL,Missing,-,AP,Actuarial,"Hutto, Amy"
APSOL920,COBOL,Missing,-,AP,Actuarial,"Hutto, Amy"
APSOL930,COBOL,Missing,-,AP,Actuarial,"Hutto, Amy"
APSOL940,COBOL,Missing,-,AP,Actuarial,"Hutto, Amy"
APSOL950,COBOL,Missing,-,AP,Actuarial,"Hutto, Amy"
APSOL960,COBOL,Missing,-,AP,Actuarial,"Hutto, Amy"
APSOL970,COBOL,Missing,-,AP,Actuarial,"Hutto, Amy"
APSOL980,COBOL,Missing,-,AP,Actuarial,"Hutto, Amy"
APSOL990,COBOL,Missing,-,AP,Actuarial,"Hutto, Amy"
NC226RE2,COBOL,Missing,-,NC,New Business Scorecard,"Hutto, Amy"
NPAO0666,COBOL,Missing,-,NP,Life 70 - Underwriting,"Hutto, Amy"
AVCO0100,COBOL,Found In Newyork,-,AV,Actuarial,"Hutto, Amy"
NBCO0997,COBOL,Missing,-,NB,Batch Trac,"Hutto, Amy"
PCCO0000,COBOL,Missing,-,PC,Life 70 (core batch processing stay on mainframe),"Hutto, Amy"
NBINQ001,COBOL,Missing,-,NB,Batch Trac,"Hutto, Amy"
POCO9TST,COBOL,Missing,-,PO,Omega Reissues,"Hutto, Amy"
NP14001,COBOL,Missing,-,NP,Life 70 - Underwriting,"Hutto, Amy"
NP11096B,COBOL,Missing,-,NP,Life 70 - Underwriting,"Hutto, Amy"
NP111T1,COBOL,Missing,-,NP,Life 70 - Underwriting,"Hutto, Amy"
NP11112,COBOL,Missing,-,NP,Life 70 - Underwriting,"Hutto, Amy"
NP16470,COBOL,Missing,-,NP,Life 70 - Underwriting,"Hutto, Amy"
NP11095C,COBOL,Missing,-,NP,Life 70 - Underwriting,"Hutto, Amy"
NP11099C,COBOL,Missing,-,NP,Life 70 - Underwriting,"Hutto, Amy"
COBNAT,COBOL,Missing,-,CO,Conversions (Cycle J IV - TracJ),"Hutto, Amy"
COCOS300,COBOL,Missing,-,CO,Conversions (Cycle J IV - TracJ),"Hutto, Amy"
COCOS302,COBOL,Missing,-,CO,Conversions (Cycle J IV - TracJ),"Hutto, Amy"
COCOS304,COBOL,Missing,-,CO,Conversions (Cycle J IV - TracJ),"Hutto, Amy"
COCOS306,COBOL,Missing,-,CO,Conversions (Cycle J IV - TracJ),"Hutto, Amy"
COCOS308,COBOL,Missing,-,CO,Conversions (Cycle J IV - TracJ),"Hutto, Amy"
COCOS310,COBOL,Missing,-,CO,Conversions (Cycle J IV - TracJ),"Hutto, Amy"
COCOS312,COBOL,Missing,-,CO,Conversions (Cycle J IV - TracJ),"Hutto, Amy"
COCOS368,COBOL,Missing,-,CO,Conversions (Cycle J IV - TracJ),"Hutto, Amy"
COCOS372,COBOL,Missing,-,CO,Conversions (Cycle J IV - TracJ),"Hutto, Amy"
COCOS400,COBOL,Missing,-,CO,Conversions (Cycle J IV - TracJ),"Hutto, Amy"
NBCODRVR,COBOL,Missing,-,NB,Batch Trac,"Hutto, Amy"
NBCKWX34,COBOL,Missing,-,NB,Batch Trac,"Hutto, Amy"
NBCKWX35,COBOL,Missing,-,NB,Batch Trac,"Hutto, Amy"
NBCKWX38,COBOL,Missing,-,NB,Batch Trac,"Hutto, Amy"
NBCKWX39,COBOL,Missing,-,NB,Batch Trac,"Hutto, Amy"
NC313RE2,COBOL,Missing,-,NC,New Business Scorecard,"Hutto, Amy"
NBCO0840,COBOL,Missing,-,NB,Batch Trac,"Hutto, Amy"
POLICYAS,COBOL,Missing,-,PO,Omega Reissues,"Hutto, Amy"
CPCO007A,COBOL,Missing,-,CP,Policy Remarks,"Hutto, Amy"
CPCO0272,COBOL,Found In Newyork,-,CP,Policy Remarks,"Hutto, Amy"
CPCO0403,COBOL,Missing,-,CP,Policy Remarks,"Hutto, Amy"
CPCO0404,COBOL,Missing,-,CP,Policy Remarks,"Hutto, Amy"
CPCO0445,COBOL,Missing,-,CP,Policy Remarks,"Hutto, Amy"
CPCO0446,COBOL,Missing,-,CP,Policy Remarks,"Hutto, Amy"
CPCO0447,COBOL,Missing,-,CP,Policy Remarks,"Hutto, Amy"
CPCO046A,COBOL,Missing,-,CP,Policy Remarks,"Hutto, Amy"
CPCO0875,COBOL,Missing,-,CP,Policy Remarks,"Hutto, Amy"
PCABB010,COBOL,Missing,-,PC,Life 70 (core batch processing stay on mainframe),"Hutto, Amy"
APPSABNW,DCLGEN,Missing,COPYBOOK,AP,Actuarial,"Hutto, Amy"
NP00020X,COBOL,Missing,-,NP,Life 70 - Underwriting,"Hutto, Amy"
CPUGMMS1,DCLGEN,Missing,COPYBOOK,CP,Policy Remarks,"Hutto, Amy"
CPUGMMS2,DCLGEN,Missing,COPYBOOK,CP,Policy Remarks,"Hutto, Amy"
CPIAFLHS,DCLGEN,Missing,COPYBOOK,CP,Policy Remarks,"Hutto, Amy"
CPSGRMST,DCLGEN,Missing,COPYBOOK,CP,Policy Remarks,"Hutto, Amy"
APPSABNC,DCLGEN,Missing,COPYBOOK,AP,Actuarial,"Hutto, Amy"
CPSGCPRI,DCLGEN,Missing,COPYBOOK,CP,Policy Remarks,"Hutto, Amy"
CPDGRPAD,DCLGEN,Missing,COPYBOOK,CP,Policy Remarks,"Hutto, Amy"
CPDGPN01,DCLGEN,Missing,COPYBOOK,CP,Policy Remarks,"Hutto, Amy"
CPFGPN01,DCLGEN,Missing,COPYBOOK,CP,Policy Remarks,"Hutto, Amy"
CPFGRPAD,DCLGEN,Missing,COPYBOOK,CP,Policy Remarks,"Hutto, Amy"
CPNO0020,COBOL,Missing,-,CP,Policy Remarks,"Hutto, Amy"
COCBS090,COBOL,Missing,-,CO,Conversions (Cycle J IV - TracJ),"Hutto, Amy"
CODATEM,DCLGEN,Missing,COPYBOOK,CO,Conversions (Cycle J IV - TracJ),"Hutto, Amy"
CODASEC,DCLGEN,Missing,COPYBOOK,CO,Conversions (Cycle J IV - TracJ),"Hutto, Amy"
COCC7080,COPYBOOK,Missing,DCLGEN,CO,Conversions (Cycle J IV - TracJ),"Hutto, Amy"
COCOP011,COBOL,Missing,-,CO,Conversions (Cycle J IV - TracJ),"Hutto, Amy"
COCOP420,COBOL,Missing,-,CO,Conversions (Cycle J IV - TracJ),"Hutto, Amy"
COCC6080,DCLGEN,Missing,COPYBOOK,CO,Conversions (Cycle J IV - TracJ),"Hutto, Amy"
CPC6000X,COBOL,Missing,-,CP,Policy Remarks,"Hutto, Amy"
CPC6000I,COBOL,Missing,-,CP,Policy Remarks,"Hutto, Amy"
CPC6000O,COBOL,Missing,-,CP,Policy Remarks,"Hutto, Amy"
CPC6000J,COBOL,Missing,-,CP,Policy Remarks,"Hutto, Amy"
CPC6000C,COBOL,Missing,-,CP,Policy Remarks,"Hutto, Amy"
CPC6000L,COBOL,Missing,-,CP,Policy Remarks,"Hutto, Amy"
CPC6000K,COBOL,Missing,-,CP,Policy Remarks,"Hutto, Amy"
CPCC0111,DCLGEN,Missing,COPYBOOK,CP,Policy Remarks,"Hutto, Amy"
CPCC0112,DCLGEN,Missing,COPYBOOK,CP,Policy Remarks,"Hutto, Amy"
FGCPM,MAPS,Missing,-,FG,Life 70 - General Accounting,"Hutto, Amy"
FGPM,COBOL,Missing,-,FG,Life 70 - General Accounting,"Hutto, Amy"
PMRREAD1,COBOL,Missing,-,PM,Policy Master Record Inquiry,"Hutto, Amy"
NPCU001X,COBOL,Missing,-,NP,Life 70 - Underwriting,"Hutto, Amy"
NBDS0030,DCLGEN,Missing,COPYBOOK,NB,Batch Trac,"Hutto, Amy"
NBCS0321,DCLGEN,Missing,COPYBOOK,NB,Batch Trac,"Hutto, Amy"
NBFS0321,DCLGEN,Missing,COPYBOOK,NB,Batch Trac,"Hutto, Amy"
NBT2,COBOL,Missing,-,NB,Batch Trac,"Hutto, Amy"
NBT3,COBOL,Missing,-,NB,Batch Trac,"Hutto, Amy"
NBXM1,COBOL,Missing,-,NB,Batch Trac,"Hutto, Amy"
NB85,COBOL,Missing,-,NB,Batch Trac,"Hutto, Amy"
NB90,COBOL,Missing,-,NB,Batch Trac,"Hutto, Amy"
NP111,COBOL,Missing,-,NP,Life 70 - Underwriting,"Hutto, Amy"
NFCICONT,DCLGEN,Missing,COPYBOOK,NF,New Business Scorecard,"Hutto, Amy"
NFCIAGNM,DCLGEN,Missing,COPYBOOK,NF,New Business Scorecard,"Hutto, Amy"
NFCICUDT,DCLGEN,Missing,COPYBOOK,NF,New Business Scorecard,"Hutto, Amy"
NFCICUST,DCLGEN,Missing,COPYBOOK,NF,New Business Scorecard,"Hutto, Amy"
NFCILFBD,DCLGEN,Missing,COPYBOOK,NF,New Business Scorecard,"Hutto, Amy"
NFCILFSP,DCLGEN,Missing,COPYBOOK,NF,New Business Scorecard,"Hutto, Amy"
NFCIRQUR,DCLGEN,Missing,COPYBOOK,NF,New Business Scorecard,"Hutto, Amy"
NP11097,MAPS,Missing,-,NP,Life 70 - Underwriting,"Hutto, Amy"
NPC0070X,COBOL,Missing,-,NP,Life 70 - Underwriting,"Hutto, Amy"
NPC0070I,COBOL,Missing,-,NP,Life 70 - Underwriting,"Hutto, Amy"
NPC0070O,COBOL,Missing,-,NP,Life 70 - Underwriting,"Hutto, Amy"
NPC0070J,COBOL,Missing,-,NP,Life 70 - Underwriting,"Hutto, Amy"
NPC0070C,COBOL,Missing,-,NP,Life 70 - Underwriting,"Hutto, Amy"
NPC0070L,COBOL,Missing,-,NP,Life 70 - Underwriting,"Hutto, Amy"
NPC0070K,COBOL,Missing,-,NP,Life 70 - Underwriting,"Hutto, Amy"
NPCB0227,COBOL,Missing,-,NP,Life 70 - Underwriting,"Hutto, Amy"
NPCU0015,COBOL,Missing,-,NP,Life 70 - Underwriting,"Hutto, Amy"
NVCALL,COBOL,Missing,-,NV,Conversions (Cycle J IV - TracJ),"Hutto, Amy"
CPCCP123,DCLGEN,Missing,COPYBOOK,CP,Policy Remarks,"Hutto, Amy"
CPCCP126,DCLGEN,Missing,COPYBOOK,CP,Policy Remarks,"Hutto, Amy"
CPCCP128,DCLGEN,Missing,COPYBOOK,CP,Policy Remarks,"Hutto, Amy"
CPCCP124,DCLGEN,Missing,COPYBOOK,CP,Policy Remarks,"Hutto, Amy"
CPIISTDB,DCLGEN,Missing,COPYBOOK,CP,Policy Remarks,"Hutto, Amy"
CPIEVENT,DCLGEN,Missing,COPYBOOK,CP,Policy Remarks,"Hutto, Amy"
CPIREQST,DCLGEN,Missing,COPYBOOK,CP,Policy Remarks,"Hutto, Amy"
CPIINVOI,DCLGEN,Missing,COPYBOOK,CP,Policy Remarks,"Hutto, Amy"
CPIRESPS,DCLGEN,Missing,COPYBOOK,CP,Policy Remarks,"Hutto, Amy"
CPSSEVNT,DCLGEN,Missing,COPYBOOK,CP,Policy Remarks,"Hutto, Amy"
CPSSHINV,DCLGEN,Missing,COPYBOOK,CP,Policy Remarks,"Hutto, Amy"
CPUSHINV,DCLGEN,Missing,COPYBOOK,CP,Policy Remarks,"Hutto, Amy"
CPSSREQU,DCLGEN,Missing,COPYBOOK,CP,Policy Remarks,"Hutto, Amy"
CPSSRESP,DCLGEN,Missing,COPYBOOK,CP,Policy Remarks,"Hutto, Amy"
CPSSINVO,DCLGEN,Missing,COPYBOOK,CP,Policy Remarks,"Hutto, Amy"
CPUSRESP,DCLGEN,Missing,COPYBOOK,CP,Policy Remarks,"Hutto, Amy"
CPIHEVNT,DCLGEN,Missing,COPYBOOK,CP,Policy Remarks,"Hutto, Amy"
CPIHINVO,DCLGEN,Missing,COPYBOOK,CP,Policy Remarks,"Hutto, Amy"
CPIHREQ1,DCLGEN,Missing,COPYBOOK,CP,Policy Remarks,"Hutto, Amy"
CPIHRES1,DCLGEN,Missing,COPYBOOK,CP,Policy Remarks,"Hutto, Amy"
CPIHSCN1,DCLGEN,Missing,COPYBOOK,CP,Policy Remarks,"Hutto, Amy"
CPISCANL,DCLGEN,Missing,COPYBOOK,CP,Policy Remarks,"Hutto, Amy"
CPISCANE,DCLGEN,Missing,COPYBOOK,CP,Policy Remarks,"Hutto, Amy"
CPSBNKDC,DCLGEN,Missing,COPYBOOK,CP,Policy Remarks,"Hutto, Amy"
CPSBNKDN,DCLGEN,Missing,COPYBOOK,CP,Policy Remarks,"Hutto, Amy"
CPUSREQ1,DCLGEN,Missing,COPYBOOK,CP,Policy Remarks,"Hutto, Amy"
CPUSREQU,DCLGEN,Missing,COPYBOOK,CP,Policy Remarks,"Hutto, Amy"
CPSLANGI,DCLGEN,Missing,COPYBOOK,CP,Policy Remarks,"Hutto, Amy"
CPFMI001,DCLGEN,Missing,COPYBOOK,CP,Policy Remarks,"Hutto, Amy"
CPFAI001,DCLGEN,Missing,COPYBOOK,CP,Policy Remarks,"Hutto, Amy"
CPIHSCE1,DCLGEN,Missing,COPYBOOK,CP,Policy Remarks,"Hutto, Amy"
CPIHPORE,DCLGEN,Missing,COPYBOOK,CP,Policy Remarks,"Hutto, Amy"
CPDSINVO,DCLGEN,Missing,COPYBOOK,CP,Policy Remarks,"Hutto, Amy"
CPDSRES1,DCLGEN,Missing,COPYBOOK,CP,Policy Remarks,"Hutto, Amy"
CPDSSDE1,DCLGEN,Missing,COPYBOOK,CP,Policy Remarks,"Hutto, Amy"
CPDSSCN1,DCLGEN,Missing,COPYBOOK,CP,Policy Remarks,"Hutto, Amy"
CPDSPOR1,DCLGEN,Missing,COPYBOOK,CP,Policy Remarks,"Hutto, Amy"
CPDSREQ1,DCLGEN,Missing,COPYBOOK,CP,Policy Remarks,"Hutto, Amy"
CPDSEVNT,DCLGEN,Missing,COPYBOOK,CP,Policy Remarks,"Hutto, Amy"
CPCCP020,DCLGEN,Missing,COPYBOOK,CP,Policy Remarks,"Hutto, Amy"
POCC0633,DCLGEN,Missing,COPYBOOK,PO,Omega Reissues,"Hutto, Amy"
PCCB9003,COBOL,Missing,-,PC,Life 70 (core batch processing stay on mainframe),"Hutto, Amy"
PMCP120X,COBOL,Missing,-,PM,Policy Master Record Inquiry,"Hutto, Amy"
PMCP120I,COBOL,Missing,-,PM,Policy Master Record Inquiry,"Hutto, Amy"
PMCP120O,COBOL,Missing,-,PM,Policy Master Record Inquiry,"Hutto, Amy"
PMCP120J,COBOL,Missing,-,PM,Policy Master Record Inquiry,"Hutto, Amy"
PMCP120C,COBOL,Missing,-,PM,Policy Master Record Inquiry,"Hutto, Amy"
PMCP120L,COBOL,Missing,-,PM,Policy Master Record Inquiry,"Hutto, Amy"
PMCP120K,COBOL,Missing,-,PM,Policy Master Record Inquiry,"Hutto, Amy"
PMCC0130,DCLGEN,Missing,COPYBOOK,PM,Policy Master Record Inquiry,"Hutto, Amy"
PMMO130,DCLGEN,Missing,MAPS,PM,Policy Master Record Inquiry,"Hutto, Amy"
PMMO140,DCLGEN,Missing,MAPS,PM,Policy Master Record Inquiry,"Hutto, Amy"
PMMO145,DCLGEN,Missing,MAPS,PM,Policy Master Record Inquiry,"Hutto, Amy"
PMMO141,DCLGEN,Missing,MAPS,PM,Policy Master Record Inquiry,"Hutto, Amy"
PMMO160,DCLGEN,Missing,MAPS,PM,Policy Master Record Inquiry,"Hutto, Amy"
POC5000X,COBOL,Missing,-,PO,Omega Reissues,"Hutto, Amy"
POC5000I,COBOL,Missing,-,PO,Omega Reissues,"Hutto, Amy"
POC5000O,COBOL,Missing,-,PO,Omega Reissues,"Hutto, Amy"
POC5000J,COBOL,Missing,-,PO,Omega Reissues,"Hutto, Amy"
POC5000C,COBOL,Missing,-,PO,Omega Reissues,"Hutto, Amy"
POC5000L,COBOL,Missing,-,PO,Omega Reissues,"Hutto, Amy"
POC5000K,COBOL,Missing,-,PO,Omega Reissues,"Hutto, Amy"
POCC0001,DCLGEN,Missing,COPYBOOK,PO,Omega Reissues,"Hutto, Amy"
POCO6100,COBOL,Missing,-,PO,Omega Reissues,"Hutto, Amy"
POCC7800,DCLGEN,Missing,COPYBOOK,PO,Omega Reissues,"Hutto, Amy"
POCC7850,DCLGEN,Missing,COPYBOOK,PO,Omega Reissues,"Hutto, Amy"
POCC7900,DCLGEN,Missing,COPYBOOK,PO,Omega Reissues,"Hutto, Amy"
POCC7950,DCLGEN,Missing,COPYBOOK,PO,Omega Reissues,"Hutto, Amy"
PRC0100X,COBOL,Missing,-,PR,Rerates,"Hutto, Amy"
PRC0100I,COBOL,Missing,-,PR,Rerates,"Hutto, Amy"
PRC0100O,COBOL,Missing,-,PR,Rerates,"Hutto, Amy"
PRC0100J,COBOL,Missing,-,PR,Rerates,"Hutto, Amy"
PRC0100C,COBOL,Missing,-,PR,Rerates,"Hutto, Amy"
PRC0100L,COBOL,Missing,-,PR,Rerates,"Hutto, Amy"
PRC0100K,COBOL,Missing,-,PR,Rerates,"Hutto, Amy"
PENRECG,DCLGEN,Missing,COPYBOOK,PE,Policy Exceptions,"Hutto, Amy"
ATTMATCH,COPYBOOK,Missing,-,AT,Actuarial,"Hutto, Amy"
CPSGCPRB,DCLGEN,Missing,COPYBOOK,CP,Policy Remarks,"Hutto, Amy"
CPSS162B,DCLGEN,Missing,COPYBOOK,CP,Policy Remarks,"Hutto, Amy"
CPSCONTR,DCLGEN,Missing,COPYBOOK,CP,Policy Remarks,"Hutto, Amy"
CPDDFLT1,DCLGEN,Missing,COPYBOOK,CP,Policy Remarks,"Hutto, Amy"
CPDDFLT2,DCLGEN,Missing,COPYBOOK,CP,Policy Remarks,"Hutto, Amy"
CPFEXOVR,DCLGEN,Missing,COPYBOOK,CP,Policy Remarks,"Hutto, Amy"
CPFGROVR,DCLGEN,Missing,COPYBOOK,CP,Policy Remarks,"Hutto, Amy"
CPFSTOVR,DCLGEN,Missing,COPYBOOK,CP,Policy Remarks,"Hutto, Amy"
CPFDFLT1,DCLGEN,Missing,COPYBOOK,CP,Policy Remarks,"Hutto, Amy"
CPFDFLT2,DCLGEN,Missing,COPYBOOK,CP,Policy Remarks,"Hutto, Amy"
CPSAPYPR,DCLGEN,Missing,COPYBOOK,CP,Policy Remarks,"Hutto, Amy"
CPSOINVC,DCLGEN,Missing,COPYBOOK,CP,Policy Remarks,"Hutto, Amy"
CPSINVCN,DCLGEN,Missing,COPYBOOK,CP,Policy Remarks,"Hutto, Amy"
WWCO0000,COBOL,Missing,-,WW,"Policy Services Workflow
Owner: Amy","Hutto, Amy"
COLHDRS,MAPS,Missing,-,CO,Conversions (Cycle J IV - TracJ),"Hutto, Amy"
TCPDATA,CONTROL_CARD,Missing,-,CP,Policy Remarks,"Hutto, Amy"
PE10SPX,COBOL,Missing,-,PE,Policy Exceptions,"Hutto, Amy"
PE15X,COBOL,Missing,-,PE,Policy Exceptions,"Hutto, Amy"
PE20SPX,COBOL,Missing,-,PE,Policy Exceptions,"Hutto, Amy"
PE25X,COBOL,Missing,-,PE,Policy Exceptions,"Hutto, Amy"
PE22X,COBOL,Missing,-,PE,Policy Exceptions,"Hutto, Amy"
PE23SPX,COBOL,Missing,-,PE,Policy Exceptions,"Hutto, Amy"
PE77X,COBOL,Missing,-,PE,Policy Exceptions,"Hutto, Amy"
PE78X,COBOL,Missing,-,PE,Policy Exceptions,"Hutto, Amy"
PE10X,COBOL,Missing,-,PE,Policy Exceptions,"Hutto, Amy"
PE20X,COBOL,Missing,-,PE,Policy Exceptions,"Hutto, Amy"
PE23X,COBOL,Missing,-,PE,Policy Exceptions,"Hutto, Amy"
PE40X,COBOL,Missing,-,PE,Policy Exceptions,"Hutto, Amy"
PE50X,COBOL,Missing,-,PE,Policy Exceptions,"Hutto, Amy"
PCEB1103,EZPLUS,Found In Newyork,-,PC,Life 70 (core batch processing stay on mainframe),"Hutto, Amy"
PCEB1130,EZPLUS,Found In Newyork,-,PC,Life 70 (core batch processing stay on mainframe),"Hutto, Amy"
PCEB1104,EZPLUS,Found In Newyork,-,PC,Life 70 (core batch processing stay on mainframe),"Hutto, Amy"
PCEB1135,EZPLUS,Found In Newyork,-,PC,Life 70 (core batch processing stay on mainframe),"Hutto, Amy"
CAR200,PROC,Missing,-,AR,Actuarial,"Hutto, Amy"
ARSCC007,COBOL,Missing,-,AR,Actuarial,"Hutto, Amy"
CAR210,PROC,Missing,-,AR,Actuarial,"Hutto, Amy"
ARCB0630,COBOL,Missing,-,AR,Actuarial,"Hutto, Amy"
NB11X,COBOL,Missing,-,NB,Batch Trac,"Hutto, Amy"
NB12X,COBOL,Missing,-,NB,Batch Trac,"Hutto, Amy"
NB13X,COBOL,Missing,-,NB,Batch Trac,"Hutto, Amy"
NB15X,COBOL,Missing,-,NB,Batch Trac,"Hutto, Amy"
PLEB0070,COBOL,Missing,-,PL,Omega Lit,"Hutto, Amy"
DATECARD,CONTROL_CARD,Missing,-,AT,Actuarial,"Hutto, Amy"
CPBTC005,COBOL,Missing,-,CP,Policy Remarks,"Hutto, Amy"
CPBTC015,COBOL,Missing,-,CP,Policy Remarks,"Hutto, Amy"
CPMMSAPC9,CONTROL_CARD,Missing,-,PM,Policy Master Record Inquiry,"Hutto, Amy"
CPMMSTPC9,CONTROL_CARD,Missing,-,PM,Policy Master Record Inquiry,"Hutto, Amy"
CPMMSAPC1,CONTROL_CARD,Missing,-,PM,Policy Master Record Inquiry,"Hutto, Amy"
CPMMSTPC1,CONTROL_CARD,Missing,-,PM,Policy Master Record Inquiry,"Hutto, Amy"
ACPMQ705,CONTROL_CARD,Found In Newyork,-,CP,Policy Remarks,"Hutto, Amy"
ACPMQ715,CONTROL_CARD,Found In Newyork,-,CP,Policy Remarks,"Hutto, Amy"
CPLLADDR,CONTROL_CARD,Missing,-,PL,Omega Lit,"Hutto, Amy"
CPLOADDR,CONTROL_CARD,Missing,-,PL,Omega Lit,"Hutto, Amy"
CPOCVUPP,CONTROL_CARD,Missing,-,PO,Omega Reissues,"Hutto, Amy"
CPOGROUP,CONTROL_CARD,Missing,-,PO,Omega Reissues,"Hutto, Amy"
CPOIMAGP,CONTROL_CARD,Missing,-,PO,Omega Reissues,"Hutto, Amy"
CPOSCIMP,CONTROL_CARD,Missing,-,PO,Omega Reissues,"Hutto, Amy"
CPOLICY,PROC,Missing,DCLGEN,PO,Omega Reissues,"Hutto, Amy"
CPOPLFRL,CONTROL_CARD,Missing,-,PO,Omega Reissues,"Hutto, Amy"
CPLQ600M,CONTROL_CARD,Missing,-,PL,Omega Lit,"Hutto, Amy"
CPOOLFRL,CONTROL_CARD,Missing,-,PO,Omega Reissues,"Hutto, Amy"
CPOPLEFT,CONTROL_CARD,Missing,-,PO,Omega Reissues,"Hutto, Amy"
CPOTOTAL,CONTROL_CARD,Missing,-,PO,Omega Reissues,"Hutto, Amy"
CPOLRQ2P,CONTROL_CARD,Missing,-,PO,Omega Reissues,"Hutto, Amy"
CPOLREQP,CONTROL_CARD,Missing,-,PO,Omega Reissues,"Hutto, Amy"
CPLCAP,COBOL,Missing,-,CP,Policy Remarks,"Hutto, Amy"
CPLCRP,COBOL,Missing,-,CP,Policy Remarks,"Hutto, Amy"
CPLCCR,COBOL,Missing,-,CP,Policy Remarks,"Hutto, Amy"
CPLCCX,COBOL,Missing,-,CP,Policy Remarks,"Hutto, Amy"
CPLCCE,COBOL,Missing,-,CP,Policy Remarks,"Hutto, Amy"
CPLCBR,COBOL,Missing,-,CP,Policy Remarks,"Hutto, Amy"
APMRORGX,COBOL,Missing,-,AP,Actuarial,"Hutto, Amy"
DATAMAP,CONTROL_CARD,Missing,-,AT,Actuarial,"Hutto, Amy"
SPECOTH,CONTROL_CARD,Missing,-,PE,Policy Exceptions,"Hutto, Amy"
SPECHIP,CONTROL_CARD,Missing,-,PE,Policy Exceptions,"Hutto, Amy"
SPECACC,CONTROL_CARD,Missing,-,PE,Policy Exceptions,"Hutto, Amy"
SPECDEN,CONTROL_CARD,Missing,-,PE,Policy Exceptions,"Hutto, Amy"
SPECCAN,CONTROL_CARD,Missing,-,PE,Policy Exceptions,"Hutto, Amy"
CPOADVSL,CONTROL_CARD,Missing,-,PO,Omega Reissues,"Hutto, Amy"
CPODENTL,CONTROL_CARD,Missing,-,PO,Omega Reissues,"Hutto, Amy"
FGAB001X,COBOL,Missing,-,FG,Life 70 - General Accounting,"Hutto, Amy"
CPLUAP,COBOL,Missing,-,CP,Policy Remarks,"Hutto, Amy"
CPLURP,COBOL,Missing,-,CP,Policy Remarks,"Hutto, Amy"
CPLLAEV,COBOL,Missing,-,CP,Policy Remarks,"Hutto, Amy"
CPLLAP,COBOL,Missing,-,CP,Policy Remarks,"Hutto, Amy"
CPLLRP,COBOL,Missing,-,CP,Policy Remarks,"Hutto, Amy"
CPLLTBLG,COBOL,Missing,-,CP,Policy Remarks,"Hutto, Amy"
CPLUBR,COBOL,Missing,-,CP,Policy Remarks,"Hutto, Amy"
CPLUCX,COBOL,Missing,-,CP,Policy Remarks,"Hutto, Amy"
CPLUCR,COBOL,Missing,-,CP,Policy Remarks,"Hutto, Amy"
CPLPMTMA,COBOL,Missing,-,CP,Policy Remarks,"Hutto, Amy"
CPLCMTMU,COBOL,Missing,-,CP,Policy Remarks,"Hutto, Amy"
CPLUMMC,COBOL,Missing,-,CP,Policy Remarks,"Hutto, Amy"
CPLLCRC,COBOL,Missing,-,CP,Policy Remarks,"Hutto, Amy"
CPLLBR,COBOL,Missing,-,CP,Policy Remarks,"Hutto, Amy"
CPLLBH,COBOL,Missing,-,CP,Policy Remarks,"Hutto, Amy"
APS90000,COBOL,Missing,-,AP,Actuarial,"Hutto, Amy"
APS90010,COBOL,Missing,-,AP,Actuarial,"Hutto, Amy"
APS90015,COBOL,Missing,-,AP,Actuarial,"Hutto, Amy"
APS99006,COBOL,Missing,-,AP,Actuarial,"Hutto, Amy"
APS90020,COBOL,Missing,-,AP,Actuarial,"Hutto, Amy"
APS90050,COBOL,Missing,-,AP,Actuarial,"Hutto, Amy"
APS90070,COBOL,Missing,-,AP,Actuarial,"Hutto, Amy"
APS91050,COBOL,Missing,-,AP,Actuarial,"Hutto, Amy"
APS91055,COBOL,Missing,-,AP,Actuarial,"Hutto, Amy"
APS91060,COBOL,Missing,-,AP,Actuarial,"Hutto, Amy"
APS90005,COBOL,Missing,-,AP,Actuarial,"Hutto, Amy"
APS99005,COBOL,Missing,-,AP,Actuarial,"Hutto, Amy"
CPLCC9D,COBOL,Missing,-,CP,Policy Remarks,"Hutto, Amy"
CPLCRCF,COBOL,Missing,-,CP,Policy Remarks,"Hutto, Amy"
CPLCCRRC,COBOL,Missing,-,CP,Policy Remarks,"Hutto, Amy"
CPLCOCI,COBOL,Missing,-,CP,Policy Remarks,"Hutto, Amy"
SAPTYPE,CONTROL_CARD,Missing,-,AP,Actuarial,"Hutto, Amy"
CPLEDTIN,COBOL,Missing,-,CP,Policy Remarks,"Hutto, Amy"
CPLPDTIN,COBOL,Missing,-,CP,Policy Remarks,"Hutto, Amy"
CPLPNSRT,COBOL,Missing,-,CP,Policy Remarks,"Hutto, Amy"
CPLPNSSP,COBOL,Missing,-,CP,Policy Remarks,"Hutto, Amy"
CPLPNSSO,COBOL,Missing,-,CP,Policy Remarks,"Hutto, Amy"
CFG012,PROC,Missing,-,FG,Life 70 - General Accounting,"Hutto, Amy"
JAPANABC,CONTROL_CARD,Missing,-,AP,Actuarial,"Hutto, Amy"
NV5S2500,COBOL,Missing,-,NV,Conversions (Cycle J IV - TracJ),"Hutto, Amy"
NV5S0300,COBOL,Missing,-,NV,Conversions (Cycle J IV - TracJ),"Hutto, Amy"
AP20000X,COBOL,Missing,-,AP,Actuarial,"Hutto, Amy"
APCARD,CONTROL_CARD,Missing,-,PC,Life 70 (core batch processing stay on mainframe),"Hutto, Amy"
AP29000X,COBOL,Missing,-,AP,Actuarial,"Hutto, Amy"
PCEBHCR1,COBOL,Missing,-,PC,Life 70 (core batch processing stay on mainframe),"Hutto, Amy"
PCEBHCR2,COBOL,Missing,-,PC,Life 70 (core batch processing stay on mainframe),"Hutto, Amy"
PCEBHCR3,COBOL,Missing,-,PC,Life 70 (core batch processing stay on mainframe),"Hutto, Amy"
PCEBHCR4,COBOL,Missing,-,PC,Life 70 (core batch processing stay on mainframe),"Hutto, Amy"
AP30000X,COBOL,Missing,-,AP,Actuarial,"Hutto, Amy"
AP40000X,COBOL,Missing,-,AP,Actuarial,"Hutto, Amy"
FATS,CONTROL_CARD,Missing,-,AT,Actuarial,"Hutto, Amy"
OPENMOBW,CONTROL_CARD,Missing,-,PE,Policy Exceptions,"Hutto, Amy"
CJRPN000,CONTROL_CARD,Missing,-,JR,Conversions (Cycle J IV - TracJ),"Hutto, Amy"
CJRPN010,CONTROL_CARD,Missing,-,JR,Conversions (Cycle J IV - TracJ),"Hutto, Amy"
CAPFAUTH,PROC,Missing,JCL,AP,Actuarial,"Hutto, Amy"
APCODEX,COBOL,Missing,-,AP,Actuarial,"Hutto, Amy"
APCODPT,CONTROL_CARD,Missing,-,PC,Life 70 (core batch processing stay on mainframe),"Hutto, Amy"
AP10000X,COBOL,Missing,-,AP,Actuarial,"Hutto, Amy"
PG11PROD,COBOL,Missing,-,PG,Omega Letter Generation,"Hutto, Amy"
COMMPR,COBOL,Missing,-,CO,Conversions (Cycle J IV - TracJ),"Hutto, Amy"
PCVE0120,COBOL,Missing,-,PC,Life 70 (core batch processing stay on mainframe),"Hutto, Amy"
CNFMSAPC1,CONTROL_CARD,Missing,-,NF,New Business Scorecard,"Hutto, Amy"
NP50039X,COBOL,Missing,-,NP,Life 70 - Underwriting,"Hutto, Amy"
NP2000SX,COBOL,Missing,-,NP,Life 70 - Underwriting,"Hutto, Amy"
PPIE0100,COBOL,Missing,-,PP,Policy Pages,"Hutto, Amy"
NP49000X,COBOL,Missing,-,NP,Life 70 - Underwriting,"Hutto, Amy"
NPAB020X,COBOL,Missing,-,NP,Life 70 - Underwriting,"Hutto, Amy"
PREB0200,COBOL,Missing,-,PR,Rerates,"Hutto, Amy"
PREB0210,COBOL,Missing,-,PR,Rerates,"Hutto, Amy"
PREB0220,COBOL,Missing,-,PR,Rerates,"Hutto, Amy"
PREB0230,COBOL,Missing,-,PR,Rerates,"Hutto, Amy"
PREB0235,COBOL,Missing,-,PR,Rerates,"Hutto, Amy"
PREB0240,COBOL,Missing,-,PR,Rerates,"Hutto, Amy"
PCVE0495,COBOL,Missing,-,PC,Life 70 (core batch processing stay on mainframe),"Hutto, Amy"
PCVE0496,COBOL,Missing,-,PC,Life 70 (core batch processing stay on mainframe),"Hutto, Amy"
PCEB0310,COBOL,Missing,-,PC,Life 70 (core batch processing stay on mainframe),"Hutto, Amy"
PCVE041A,COBOL,Missing,-,PC,Life 70 (core batch processing stay on mainframe),"Hutto, Amy"
PCVE0390,COBOL,Missing,-,PC,Life 70 (core batch processing stay on mainframe),"Hutto, Amy"
PCVE0400,COBOL,Missing,-,PC,Life 70 (core batch processing stay on mainframe),"Hutto, Amy"
PCVE0420,COBOL,Missing,-,PC,Life 70 (core batch processing stay on mainframe),"Hutto, Amy"
PCVE0430,COBOL,Missing,-,PC,Life 70 (core batch processing stay on mainframe),"Hutto, Amy"
PCVE0440,COBOL,Missing,-,PC,Life 70 (core batch processing stay on mainframe),"Hutto, Amy"
NPAB050X,COBOL,Missing,-,NP,Life 70 - Underwriting,"Hutto, Amy"
NP81001X,COBOL,Missing,-,NP,Life 70 - Underwriting,"Hutto, Amy"
NP81002X,COBOL,Missing,-,NP,Life 70 - Underwriting,"Hutto, Amy"
NP83000X,COBOL,Missing,-,NP,Life 70 - Underwriting,"Hutto, Amy"
PREB0081,COBOL,Missing,-,PR,Rerates,"Hutto, Amy"
NP85000X,COBOL,Missing,-,NP,Life 70 - Underwriting,"Hutto, Amy"
NP85010X,COBOL,Missing,-,NP,Life 70 - Underwriting,"Hutto, Amy"
NP85011X,COBOL,Missing,-,NP,Life 70 - Underwriting,"Hutto, Amy"
NP85012X,COBOL,Missing,-,NP,Life 70 - Underwriting,"Hutto, Amy"
PREB0080,COBOL,Missing,-,PR,Rerates,"Hutto, Amy"
NP84Z00X,COBOL,Missing,-,NP,Life 70 - Underwriting,"Hutto, Amy"
NP83650X,COBOL,Missing,-,NP,Life 70 - Underwriting,"Hutto, Amy"
PCVE0500,COBOL,Missing,-,PC,Life 70 (core batch processing stay on mainframe),"Hutto, Amy"
POEB0015,COBOL,Missing,-,PO,Omega Reissues,"Hutto, Amy"
POEB0120,COBOL,Missing,-,PO,Omega Reissues,"Hutto, Amy"
PREB0245,COBOL,Missing,-,PR,Rerates,"Hutto, Amy"
PREB0940,COBOL,Missing,-,PR,Rerates,"Hutto, Amy"
PREB0250,COBOL,Missing,-,PR,Rerates,"Hutto, Amy"
PREB0260,COBOL,Missing,-,PR,Rerates,"Hutto, Amy"
PREB0270,COBOL,Missing,-,PR,Rerates,"Hutto, Amy"
PREB0280,COBOL,Missing,-,PR,Rerates,"Hutto, Amy"
PREB0290,COBOL,Missing,-,PR,Rerates,"Hutto, Amy"
PREB0550,COBOL,Missing,-,PR,Rerates,"Hutto, Amy"
PREB0560,COBOL,Missing,-,PR,Rerates,"Hutto, Amy"
PREB0570,COBOL,Missing,-,PR,Rerates,"Hutto, Amy"
CNPST533,CONTROL_CARD,Missing,-,NP,Life 70 - Underwriting,"Hutto, Amy"
CNPST534,CONTROL_CARD,Missing,-,NP,Life 70 - Underwriting,"Hutto, Amy"
CNPST535,CONTROL_CARD,Missing,-,NP,Life 70 - Underwriting,"Hutto, Amy"
CNPST536,CONTROL_CARD,Missing,-,NP,Life 70 - Underwriting,"Hutto, Amy"
CNP366,PROC,Missing,-,NP,Life 70 - Underwriting,"Hutto, Amy"
CNP362,PROC,Missing,-,NP,Life 70 - Underwriting,"Hutto, Amy"
CNP368,PROC,Missing,-,NP,Life 70 - Underwriting,"Hutto, Amy"
PNP185S1,CONTROL_CARD,Missing,-,NP,Life 70 - Underwriting,"Hutto, Amy"
NPRBPRTX,COBOL,Missing,-,NP,Life 70 - Underwriting,"Hutto, Amy"
CNP30001,CONTROL_CARD,Missing,-,NP,Life 70 - Underwriting,"Hutto, Amy"
CNP30002,CONTROL_CARD,Missing,-,NP,Life 70 - Underwriting,"Hutto, Amy"
CNP30003,CONTROL_CARD,Missing,-,NP,Life 70 - Underwriting,"Hutto, Amy"
CNP367,PROC,Missing,-,NP,Life 70 - Underwriting,"Hutto, Amy"
CNP363,PROC,Missing,-,NP,Life 70 - Underwriting,"Hutto, Amy"
CNP369,PROC,Missing,-,NP,Life 70 - Underwriting,"Hutto, Amy"
APRETDTE,CONTROL_CARD,Missing,-,PR,Rerates,"Hutto, Amy"
PCEB5000,COBOL,Missing,-,PC,Life 70 (core batch processing stay on mainframe),"Hutto, Amy"
PCVE0415,COBOL,Missing,-,PC,Life 70 (core batch processing stay on mainframe),"Hutto, Amy"
PCVE0409,COBOL,Missing,-,PC,Life 70 (core batch processing stay on mainframe),"Hutto, Amy"
CNVDOWNG,CONTROL_CARD,Missing,-,NV,Conversions (Cycle J IV - TracJ),"Hutto, Amy"
POEB0020,COBOL,Missing,-,PO,Omega Reissues,"Hutto, Amy"
POEB0230,COBOL,Missing,-,PO,Omega Reissues,"Hutto, Amy"
PCEB0710,COBOL,Missing,-,PC,Life 70 (core batch processing stay on mainframe),"Hutto, Amy"
PCEB0720,COBOL,Missing,-,PC,Life 70 (core batch processing stay on mainframe),"Hutto, Amy"
NVEB0200,COBOL,Missing,-,NV,Conversions (Cycle J IV - TracJ),"Hutto, Amy"
NVEB0320,COBOL,Missing,-,NV,Conversions (Cycle J IV - TracJ),"Hutto, Amy"
NVEB1510,COBOL,Missing,-,NV,Conversions (Cycle J IV - TracJ),"Hutto, Amy"
NPEB0521,COBOL,Missing,-,NP,Life 70 - Underwriting,"Hutto, Amy"
CNVCOMRT,CONTROL_CARD,Missing,-,NV,Conversions (Cycle J IV - TracJ),"Hutto, Amy"
NPEB0517,COBOL,Missing,-,NP,Life 70 - Underwriting,"Hutto, Amy"
NPEB0519,COBOL,Missing,-,NP,Life 70 - Underwriting,"Hutto, Amy"
NVEB0230,COBOL,Missing,-,NV,Conversions (Cycle J IV - TracJ),"Hutto, Amy"
NVCB0240,COBOL,Missing,-,NV,Conversions (Cycle J IV - TracJ),"Hutto, Amy"
PCEB0033,COBOL,Missing,-,PC,Life 70 (core batch processing stay on mainframe),"Hutto, Amy"
PCEB0012,COBOL,Missing,-,PC,Life 70 (core batch processing stay on mainframe),"Hutto, Amy"
PCEB0002,COBOL,Missing,-,PC,Life 70 (core batch processing stay on mainframe),"Hutto, Amy"
PCEB0003,COBOL,Missing,-,PC,Life 70 (core batch processing stay on mainframe),"Hutto, Amy"
PCEB0013,COBOL,Missing,-,PC,Life 70 (core batch processing stay on mainframe),"Hutto, Amy"
PCEB2700,COBOL,Missing,-,PC,Life 70 (core batch processing stay on mainframe),"Hutto, Amy"
PCEB0017,COBOL,Missing,-,PC,Life 70 (core batch processing stay on mainframe),"Hutto, Amy"
PCEB0018,COBOL,Missing,-,PC,Life 70 (core batch processing stay on mainframe),"Hutto, Amy"
PCEB0027,COBOL,Missing,-,PC,Life 70 (core batch processing stay on mainframe),"Hutto, Amy"
PCEB0028,COBOL,Missing,-,PC,Life 70 (core batch processing stay on mainframe),"Hutto, Amy"
PCEB0019,COBOL,Missing,-,PC,Life 70 (core batch processing stay on mainframe),"Hutto, Amy"
PCEB0021,COBOL,Missing,-,PC,Life 70 (core batch processing stay on mainframe),"Hutto, Amy"
PCEB0024,COBOL,Missing,-,PC,Life 70 (core batch processing stay on mainframe),"Hutto, Amy"
PCEB0052,COBOL,Missing,-,PC,Life 70 (core batch processing stay on mainframe),"Hutto, Amy"
PCEB0063,COBOL,Missing,-,PC,Life 70 (core batch processing stay on mainframe),"Hutto, Amy"
PCEB0065,COBOL,Missing,-,PC,Life 70 (core batch processing stay on mainframe),"Hutto, Amy"
PPBE0070,COBOL,Missing,-,PP,Policy Pages,"Hutto, Amy"
PCPBR240,CONTROL_CARD,Missing,-,CP,Policy Remarks,"Hutto, Amy"
PGBE0005,COBOL,Missing,-,PG,Omega Letter Generation,"Hutto, Amy"
PPBE0010,COBOL,Missing,-,PP,Policy Pages,"Hutto, Amy"
PPBC0025,COBOL,Missing,-,PP,Policy Pages,"Hutto, Amy"
ICPB033,CONTROL_CARD,Missing,-,CP,Policy Remarks,"Hutto, Amy"
ICPB057P,CONTROL_CARD,Missing,-,CP,Policy Remarks,"Hutto, Amy"
ICPB333,CONTROL_CARD,Missing,-,CP,Policy Remarks,"Hutto, Amy"
ICPB058,CONTROL_CARD,Missing,-,CP,Policy Remarks,"Hutto, Amy"
ICPB058S,CONTROL_CARD,Missing,-,CP,Policy Remarks,"Hutto, Amy"
ICPB062,CONTROL_CARD,Missing,-,CP,Policy Remarks,"Hutto, Amy"
ICPB063,CONTROL_CARD,Missing,-,CP,Policy Remarks,"Hutto, Amy"
ICPB064P,CONTROL_CARD,Missing,-,CP,Policy Remarks,"Hutto, Amy"
ICPB066,CONTROL_CARD,Missing,-,CP,Policy Remarks,"Hutto, Amy"
ICPB067,CONTROL_CARD,Missing,-,CP,Policy Remarks,"Hutto, Amy"
ICPB067P,CONTROL_CARD,Missing,-,CP,Policy Remarks,"Hutto, Amy"
ICPB068,CONTROL_CARD,Missing,-,CP,Policy Remarks,"Hutto, Amy"
ICPB069,CONTROL_CARD,Missing,-,CP,Policy Remarks,"Hutto, Amy"
ICPB069P,CONTROL_CARD,Missing,-,CP,Policy Remarks,"Hutto, Amy"
ICPB071W,CONTROL_CARD,Missing,-,CP,Policy Remarks,"Hutto, Amy"
ICPB071P,CONTROL_CARD,Missing,-,CP,Policy Remarks,"Hutto, Amy"
ICPB071B,CONTROL_CARD,Missing,-,CP,Policy Remarks,"Hutto, Amy"
ICPB073,CONTROL_CARD,Missing,-,CP,Policy Remarks,"Hutto, Amy"
ICPB073P,CONTROL_CARD,Missing,-,CP,Policy Remarks,"Hutto, Amy"
ICPB074,CONTROL_CARD,Missing,-,CP,Policy Remarks,"Hutto, Amy"
ICPB077,CONTROL_CARD,Missing,-,CP,Policy Remarks,"Hutto, Amy"
ICPB077P,CONTROL_CARD,Missing,-,CP,Policy Remarks,"Hutto, Amy"
ICPB078,CONTROL_CARD,Missing,-,CP,Policy Remarks,"Hutto, Amy"
ICPB079,CONTROL_CARD,Missing,-,CP,Policy Remarks,"Hutto, Amy"
ICPB079P,CONTROL_CARD,Missing,-,CP,Policy Remarks,"Hutto, Amy"
ICPB082,CONTROL_CARD,Missing,-,CP,Policy Remarks,"Hutto, Amy"
ICPB083,CONTROL_CARD,Missing,-,CP,Policy Remarks,"Hutto, Amy"
ICPB083P,CONTROL_CARD,Missing,-,CP,Policy Remarks,"Hutto, Amy"
ICPB087,CONTROL_CARD,Found In Newyork,-,CP,Policy Remarks,"Hutto, Amy"
ICPB088,CONTROL_CARD,Missing,-,CP,Policy Remarks,"Hutto, Amy"
ICPB088P,CONTROL_CARD,Missing,-,CP,Policy Remarks,"Hutto, Amy"
ICPB089,CONTROL_CARD,Missing,-,CP,Policy Remarks,"Hutto, Amy"
ICPB098,CONTROL_CARD,Missing,-,CP,Policy Remarks,"Hutto, Amy"
ICPB099,CONTROL_CARD,Missing,-,CP,Policy Remarks,"Hutto, Amy"
ICPB100,CONTROL_CARD,Missing,-,CP,Policy Remarks,"Hutto, Amy"
ICPB100P,CONTROL_CARD,Missing,-,CP,Policy Remarks,"Hutto, Amy"
ICPB102,CONTROL_CARD,Missing,-,CP,Policy Remarks,"Hutto, Amy"
ICPB103,CONTROL_CARD,Missing,-,CP,Policy Remarks,"Hutto, Amy"
ICPB103P,CONTROL_CARD,Missing,-,CP,Policy Remarks,"Hutto, Amy"
ICPB107,CONTROL_CARD,Missing,-,CP,Policy Remarks,"Hutto, Amy"
ICPB104,CONTROL_CARD,Missing,-,CP,Policy Remarks,"Hutto, Amy"
ICPB104P,CONTROL_CARD,Missing,-,CP,Policy Remarks,"Hutto, Amy"
ICPB061,CONTROL_CARD,Missing,-,CP,Policy Remarks,"Hutto, Amy"
ICPB061P,CONTROL_CARD,Missing,-,CP,Policy Remarks,"Hutto, Amy"
CPCB8351,CONTROL_CARD,Missing,-,PC,Life 70 (core batch processing stay on mainframe),"Hutto, Amy"
CPCB8151,CONTROL_CARD,Missing,-,PC,Life 70 (core batch processing stay on mainframe),"Hutto, Amy"
NATPROD,CONTROL_CARD,Missing,-,AT,Actuarial,"Hutto, Amy"
CNVACHST,CONTROL_CARD,Missing,-,NV,Conversions (Cycle J IV - TracJ),"Hutto, Amy"
PCEB0008,COBOL,Missing,-,PC,Life 70 (core batch processing stay on mainframe),"Hutto, Amy"
NP39000X,COBOL,Missing,-,NP,Life 70 - Underwriting,"Hutto, Amy"
PCEB0751,COBOL,Missing,-,PC,Life 70 (core batch processing stay on mainframe),"Hutto, Amy"
PCEB0752,COBOL,Missing,-,PC,Life 70 (core batch processing stay on mainframe),"Hutto, Amy"
PCEB0753,COBOL,Missing,-,PC,Life 70 (core batch processing stay on mainframe),"Hutto, Amy"
PCEB0805,COBOL,Missing,-,PC,Life 70 (core batch processing stay on mainframe),"Hutto, Amy"
PCEB0995,COBOL,Missing,-,PC,Life 70 (core batch processing stay on mainframe),"Hutto, Amy"
PCEB1670,COBOL,Missing,-,PC,Life 70 (core batch processing stay on mainframe),"Hutto, Amy"
PCEB0290,COBOL,Missing,-,PC,Life 70 (core batch processing stay on mainframe),"Hutto, Amy"
PCEB0280,COBOL,Missing,-,PC,Life 70 (core batch processing stay on mainframe),"Hutto, Amy"
PCEB0511,COBOL,Missing,-,PC,Life 70 (core batch processing stay on mainframe),"Hutto, Amy"
PCEB0102,COBOL,Missing,-,PC,Life 70 (core batch processing stay on mainframe),"Hutto, Amy"
POEB0155,COBOL,Missing,-,PO,Omega Reissues,"Hutto, Amy"
PCEB0015,COBOL,Missing,-,PC,Life 70 (core batch processing stay on mainframe),"Hutto, Amy"
POEB0113,COBOL,Missing,-,PO,Omega Reissues,"Hutto, Amy"
POEB0284,COBOL,Missing,-,PO,Omega Reissues,"Hutto, Amy"
POEB0286,COBOL,Missing,-,PO,Omega Reissues,"Hutto, Amy"
PCEB0901,COBOL,Missing,-,PC,Life 70 (core batch processing stay on mainframe),"Hutto, Amy"
POEB0550,COBOL,Missing,-,PO,Omega Reissues,"Hutto, Amy"
PCEB0110,COBOL,Missing,-,PC,Life 70 (core batch processing stay on mainframe),"Hutto, Amy"
PCCB010X,COBOL,Missing,-,PC,Life 70 (core batch processing stay on mainframe),"Hutto, Amy"
CPC570,PROC,Missing,-,PC,Life 70 (core batch processing stay on mainframe),"Hutto, Amy"
PCEB0160,COBOL,Missing,-,PC,Life 70 (core batch processing stay on mainframe),"Hutto, Amy"
PCEB0150,COBOL,Missing,-,PC,Life 70 (core batch processing stay on mainframe),"Hutto, Amy"
CPC01070,CONTROL_CARD,Found In Newyork,-,PC,Life 70 (core batch processing stay on mainframe),"Hutto, Amy"
PCEB0025,COBOL,Missing,-,PC,Life 70 (core batch processing stay on mainframe),"Hutto, Amy"
PPYE0160,COBOL,Missing,-,PP,Policy Pages,"Hutto, Amy"
PPYE0165,COBOL,Missing,-,PP,Policy Pages,"Hutto, Amy"
PPYE0055,COBOL,Missing,-,PP,Policy Pages,"Hutto, Amy"
POEB0240,COBOL,Missing,-,PO,Omega Reissues,"Hutto, Amy"
PCEB1655,COBOL,Missing,-,PC,Life 70 (core batch processing stay on mainframe),"Hutto, Amy"
PCEB1660,COBOL,Missing,-,PC,Life 70 (core batch processing stay on mainframe),"Hutto, Amy"
PLEB0015,COBOL,Missing,-,PL,Omega Lit,"Hutto, Amy"
PCEB0850,COBOL,Missing,-,PC,Life 70 (core batch processing stay on mainframe),"Hutto, Amy"
PCEB0650,COBOL,Missing,-,PC,Life 70 (core batch processing stay on mainframe),"Hutto, Amy"
PCEB0660,COBOL,Missing,-,PC,Life 70 (core batch processing stay on mainframe),"Hutto, Amy"
PPFE0031,COBOL,Missing,-,PP,Policy Pages,"Hutto, Amy"
PPFE0040,COBOL,Missing,-,PP,Policy Pages,"Hutto, Amy"
PPBE0100,COBOL,Missing,-,PP,Policy Pages,"Hutto, Amy"
PCEB3375,COBOL,Missing,-,PC,Life 70 (core batch processing stay on mainframe),"Hutto, Amy"
CPC03011,CONTROL_CARD,Missing,-,PC,Life 70 (core batch processing stay on mainframe),"Hutto, Amy"
CPC03012,CONTROL_CARD,Missing,-,PC,Life 70 (core batch processing stay on mainframe),"Hutto, Amy"
CPC03013,CONTROL_CARD,Missing,-,PC,Life 70 (core batch processing stay on mainframe),"Hutto, Amy"
CPC03014,CONTROL_CARD,Missing,-,PC,Life 70 (core batch processing stay on mainframe),"Hutto, Amy"
CPC03021,CONTROL_CARD,Missing,-,PC,Life 70 (core batch processing stay on mainframe),"Hutto, Amy"
CPC03022,CONTROL_CARD,Missing,-,PC,Life 70 (core batch processing stay on mainframe),"Hutto, Amy"
CPC03023,CONTROL_CARD,Missing,-,PC,Life 70 (core batch processing stay on mainframe),"Hutto, Amy"
CPC03024,CONTROL_CARD,Missing,-,PC,Life 70 (core batch processing stay on mainframe),"Hutto, Amy"
CPC03031,CONTROL_CARD,Missing,-,PC,Life 70 (core batch processing stay on mainframe),"Hutto, Amy"
CPC03032,CONTROL_CARD,Missing,-,PC,Life 70 (core batch processing stay on mainframe),"Hutto, Amy"
CPC03033,CONTROL_CARD,Missing,-,PC,Life 70 (core batch processing stay on mainframe),"Hutto, Amy"
CPC03034,CONTROL_CARD,Missing,-,PC,Life 70 (core batch processing stay on mainframe),"Hutto, Amy"
PCEB0030,COBOL,Missing,-,PC,Life 70 (core batch processing stay on mainframe),"Hutto, Amy"
PCEB1665,COBOL,Missing,-,PC,Life 70 (core batch processing stay on mainframe),"Hutto, Amy"
PCEB0040,COBOL,Missing,-,PC,Life 70 (core batch processing stay on mainframe),"Hutto, Amy"
PCEB0050,COBOL,Missing,-,PC,Life 70 (core batch processing stay on mainframe),"Hutto, Amy"
PCEB0055,COBOL,Missing,-,PC,Life 70 (core batch processing stay on mainframe),"Hutto, Amy"
PCEB0446,COBOL,Missing,-,PC,Life 70 (core batch processing stay on mainframe),"Hutto, Amy"
PCEB0500,COBOL,Missing,-,PC,Life 70 (core batch processing stay on mainframe),"Hutto, Amy"
PCEB0508,COBOL,Missing,-,PC,Life 70 (core batch processing stay on mainframe),"Hutto, Amy"
PCEB0510,COBOL,Missing,-,PC,Life 70 (core batch processing stay on mainframe),"Hutto, Amy"
PCEB0530,COBOL,Missing,-,PC,Life 70 (core batch processing stay on mainframe),"Hutto, Amy"
PCEB0608,COBOL,Missing,-,PC,Life 70 (core batch processing stay on mainframe),"Hutto, Amy"
PCEB0609,COBOL,Missing,-,PC,Life 70 (core batch processing stay on mainframe),"Hutto, Amy"
PCEB0000,COBOL,Missing,-,PC,Life 70 (core batch processing stay on mainframe),"Hutto, Amy"
PCEB0255,COBOL,Missing,-,PC,Life 70 (core batch processing stay on mainframe),"Hutto, Amy"
PCEB0900,COBOL,Missing,-,PC,Life 70 (core batch processing stay on mainframe),"Hutto, Amy"
PCEB0090,COBOL,Missing,-,PC,Life 70 (core batch processing stay on mainframe),"Hutto, Amy"
POEB0118,COBOL,Missing,-,PO,Omega Reissues,"Hutto, Amy"
POEB0046,COBOL,Missing,-,PO,Omega Reissues,"Hutto, Amy"
PCEB0855,COBOL,Missing,-,PC,Life 70 (core batch processing stay on mainframe),"Hutto, Amy"
PCEBJLP0,COBOL,Missing,-,PC,Life 70 (core batch processing stay on mainframe),"Hutto, Amy"
PCEBJLP1,COBOL,Missing,-,PC,Life 70 (core batch processing stay on mainframe),"Hutto, Amy"
PCEB0035,EZPLUS,Found In Newyork,-,PC,Life 70 (core batch processing stay on mainframe),"Hutto, Amy"
PPYE0200,COBOL,Missing,-,PP,Policy Pages,"Hutto, Amy"
PCEB0600,COBOL,Missing,-,PC,Life 70 (core batch processing stay on mainframe),"Hutto, Amy"
PPYE2000,COBOL,Missing,-,PP,Policy Pages,"Hutto, Amy"
PMSA100X,COBOL,Missing,-,PM,Policy Master Record Inquiry,"Hutto, Amy"
PMSE0130,COBOL,Missing,-,PM,Policy Master Record Inquiry,"Hutto, Amy"
PPIE0005,COBOL,Missing,-,PP,Policy Pages,"Hutto, Amy"
PPIE0010,COBOL,Missing,-,PP,Policy Pages,"Hutto, Amy"
PPIE0015,COBOL,Missing,-,PP,Policy Pages,"Hutto, Amy"
PCEB1430,COBOL,Missing,-,PC,Life 70 (core batch processing stay on mainframe),"Hutto, Amy"
PCEB1440,COBOL,Missing,-,PC,Life 70 (core batch processing stay on mainframe),"Hutto, Amy"
PCEB1450,COBOL,Missing,-,PC,Life 70 (core batch processing stay on mainframe),"Hutto, Amy"
PPIE0025,COBOL,Missing,-,PP,Policy Pages,"Hutto, Amy"
PPIE0030,COBOL,Missing,-,PP,Policy Pages,"Hutto, Amy"
PPIE0035,COBOL,Missing,-,PP,Policy Pages,"Hutto, Amy"
PPIE0040,COBOL,Missing,-,PP,Policy Pages,"Hutto, Amy"
PPIE0045,COBOL,Missing,-,PP,Policy Pages,"Hutto, Amy"
PPYE0025,COBOL,Missing,-,PP,Policy Pages,"Hutto, Amy"
PPYE0035,COBOL,Missing,-,PP,Policy Pages,"Hutto, Amy"
PPYE0040,COBOL,Missing,-,PP,Policy Pages,"Hutto, Amy"
PPYE0050,COBOL,Missing,-,PP,Policy Pages,"Hutto, Amy"
PPYE0100,COBOL,Missing,-,PP,Policy Pages,"Hutto, Amy"
PPYE0105,COBOL,Missing,-,PP,Policy Pages,"Hutto, Amy"
PPYE0110,COBOL,Missing,-,PP,Policy Pages,"Hutto, Amy"
PPYE0115,COBOL,Missing,-,PP,Policy Pages,"Hutto, Amy"
PCEB0228,COBOL,Missing,-,PC,Life 70 (core batch processing stay on mainframe),"Hutto, Amy"
PCEB0061,COBOL,Missing,-,PC,Life 70 (core batch processing stay on mainframe),"Hutto, Amy"
PCEB0155,COBOL,Missing,-,PC,Life 70 (core batch processing stay on mainframe),"Hutto, Amy"
PCEB0350,COBOL,Missing,-,PC,Life 70 (core batch processing stay on mainframe),"Hutto, Amy"
PCEB1200,COBOL,Missing,-,PC,Life 70 (core batch processing stay on mainframe),"Hutto, Amy"
PCEB1210,COBOL,Missing,-,PC,Life 70 (core batch processing stay on mainframe),"Hutto, Amy"
PCEB1215,COBOL,Missing,-,PC,Life 70 (core batch processing stay on mainframe),"Hutto, Amy"
PCEB1220,COBOL,Missing,-,PC,Life 70 (core batch processing stay on mainframe),"Hutto, Amy"
PCEB1225,COBOL,Missing,-,PC,Life 70 (core batch processing stay on mainframe),"Hutto, Amy"
PCEB1230,COBOL,Missing,-,PC,Life 70 (core batch processing stay on mainframe),"Hutto, Amy"
PCEB1240,COBOL,Missing,-,PC,Life 70 (core batch processing stay on mainframe),"Hutto, Amy"
PCEB1250,COBOL,Missing,-,PC,Life 70 (core batch processing stay on mainframe),"Hutto, Amy"
PCEB0605,COBOL,Missing,-,PC,Life 70 (core batch processing stay on mainframe),"Hutto, Amy"
PCEB0620,COBOL,Missing,-,PC,Life 70 (core batch processing stay on mainframe),"Hutto, Amy"
PCEB0625,COBOL,Missing,-,PC,Life 70 (core batch processing stay on mainframe),"Hutto, Amy"
PCEB0810,COBOL,Missing,-,PC,Life 70 (core batch processing stay on mainframe),"Hutto, Amy"
PCEB0815,COBOL,Missing,-,PC,Life 70 (core batch processing stay on mainframe),"Hutto, Amy"
PCEB0329,COBOL,Missing,-,PC,Life 70 (core batch processing stay on mainframe),"Hutto, Amy"
PCEB0330,COBOL,Missing,-,PC,Life 70 (core batch processing stay on mainframe),"Hutto, Amy"
PCEB1600,COBOL,Missing,-,PC,Life 70 (core batch processing stay on mainframe),"Hutto, Amy"
PCEB1320,COBOL,Missing,-,PC,Life 70 (core batch processing stay on mainframe),"Hutto, Amy"
PCEB1330,COBOL,Missing,-,PC,Life 70 (core batch processing stay on mainframe),"Hutto, Amy"
PCEB1340,COBOL,Missing,-,PC,Life 70 (core batch processing stay on mainframe),"Hutto, Amy"
PPYE0005,COBOL,Missing,-,PP,Policy Pages,"Hutto, Amy"
PPYE0010,COBOL,Missing,-,PP,Policy Pages,"Hutto, Amy"
CPC670,PROC,Missing,-,PC,Life 70 (core batch processing stay on mainframe),"Hutto, Amy"
PMCLE005,COBOL,Missing,-,PM,Policy Master Record Inquiry,"Hutto, Amy"
PPLE0005,COBOL,Missing,-,PP,Policy Pages,"Hutto, Amy"
PPLE0010,COBOL,Missing,-,PP,Policy Pages,"Hutto, Amy"
PPLE0015,COBOL,Missing,-,PP,Policy Pages,"Hutto, Amy"
CPR480,PROC,Missing,-,PR,Rerates,"Hutto, Amy"
PPXE0005,COBOL,Missing,-,PP,Policy Pages,"Hutto, Amy"
PPXE0010,COBOL,Missing,-,PP,Policy Pages,"Hutto, Amy"
PPXE0015,COBOL,Missing,-,PP,Policy Pages,"Hutto, Amy"
PGXE0200,COBOL,Missing,-,PG,Omega Letter Generation,"Hutto, Amy"
PPYE1000,COBOL,Missing,-,PP,Policy Pages,"Hutto, Amy"
PPYE1200,COBOL,Missing,-,PP,Policy Pages,"Hutto, Amy"
PPYA150X,COBOL,Missing,-,PP,Policy Pages,"Hutto, Amy"
PLCE1510,COBOL,Missing,-,PL,Omega Lit,"Hutto, Amy"
PLCE1520,COBOL,Missing,-,PL,Omega Lit,"Hutto, Amy"
PCEB0085,COBOL,Missing,-,PC,Life 70 (core batch processing stay on mainframe),"Hutto, Amy"
PCEB1393,COBOL,Missing,-,PC,Life 70 (core batch processing stay on mainframe),"Hutto, Amy"
PMSE0100,COBOL,Missing,-,PM,Policy Master Record Inquiry,"Hutto, Amy"
PMSE0110,COBOL,Missing,-,PM,Policy Master Record Inquiry,"Hutto, Amy"
PMSE0120,COBOL,Missing,-,PM,Policy Master Record Inquiry,"Hutto, Amy"
PPFE0015,COBOL,Missing,-,PP,Policy Pages,"Hutto, Amy"
PPFE0020,COBOL,Missing,-,PP,Policy Pages,"Hutto, Amy"
PPYE0060,COBOL,Missing,-,PP,Policy Pages,"Hutto, Amy"
PPYE0065,COBOL,Missing,-,PP,Policy Pages,"Hutto, Amy"
PPYE0070,COBOL,Missing,-,PP,Policy Pages,"Hutto, Amy"
PPYE0075,COBOL,Missing,-,PP,Policy Pages,"Hutto, Amy"
PPYE0080,COBOL,Missing,-,PP,Policy Pages,"Hutto, Amy"
PPYE0085,COBOL,Missing,-,PP,Policy Pages,"Hutto, Amy"
PPYE0205,COBOL,Missing,-,PP,Policy Pages,"Hutto, Amy"
PCEB1400,COBOL,Missing,-,PC,Life 70 (core batch processing stay on mainframe),"Hutto, Amy"
PCEB1410,COBOL,Missing,-,PC,Life 70 (core batch processing stay on mainframe),"Hutto, Amy"
PCEB0820,COBOL,Missing,-,PC,Life 70 (core batch processing stay on mainframe),"Hutto, Amy"
PCEB0910,COBOL,Missing,-,PC,Life 70 (core batch processing stay on mainframe),"Hutto, Amy"
PPFE0105,COBOL,Missing,-,PP,Policy Pages,"Hutto, Amy"
PCEB0399,COBOL,Missing,-,PC,Life 70 (core batch processing stay on mainframe),"Hutto, Amy"
PPFE0100,COBOL,Missing,-,PP,Policy Pages,"Hutto, Amy"
PPFE0025,COBOL,Missing,-,PP,Policy Pages,"Hutto, Amy"
PREB9010,COBOL,Missing,-,PR,Rerates,"Hutto, Amy"
PREB9020,COBOL,Missing,-,PR,Rerates,"Hutto, Amy"
PREB9000,COBOL,Missing,-,PR,Rerates,"Hutto, Amy"
PLEB0020,COBOL,Missing,-,PL,Omega Lit,"Hutto, Amy"
PLEB0010,COBOL,Missing,-,PL,Omega Lit,"Hutto, Amy"
PLEB0110,COBOL,Missing,-,PL,Omega Lit,"Hutto, Amy"
PLEB0140,COBOL,Missing,-,PL,Omega Lit,"Hutto, Amy"
PLEB0060,COBOL,Missing,-,PL,Omega Lit,"Hutto, Amy"
PLEB0080,COBOL,Missing,-,PL,Omega Lit,"Hutto, Amy"
PLEB0095,COBOL,Missing,-,PL,Omega Lit,"Hutto, Amy"
PLEB0100,COBOL,Missing,-,PL,Omega Lit,"Hutto, Amy"
PMCLE010,COBOL,Missing,-,PM,Policy Master Record Inquiry,"Hutto, Amy"
PMCLE020,COBOL,Missing,-,PM,Policy Master Record Inquiry,"Hutto, Amy"
PMCLE035,COBOL,Missing,-,PM,Policy Master Record Inquiry,"Hutto, Amy"
PMCLE040,COBOL,Missing,-,PM,Policy Master Record Inquiry,"Hutto, Amy"
PMCLE045,COBOL,Missing,-,PM,Policy Master Record Inquiry,"Hutto, Amy"
PLEB0030,COBOL,Missing,-,PL,Omega Lit,"Hutto, Amy"
POEB0030,COBOL,Missing,-,PO,Omega Reissues,"Hutto, Amy"
POEB0005,COBOL,Missing,-,PO,Omega Reissues,"Hutto, Amy"
POEB0100,COBOL,Missing,-,PO,Omega Reissues,"Hutto, Amy"
POEB0105,COBOL,Missing,-,PO,Omega Reissues,"Hutto, Amy"
POEB0170,COBOL,Missing,-,PO,Omega Reissues,"Hutto, Amy"
POEB0220,COBOL,Missing,-,PO,Omega Reissues,"Hutto, Amy"
POEB0500,COBOL,Missing,-,PO,Omega Reissues,"Hutto, Amy"
POEB0145,COBOL,Missing,-,PO,Omega Reissues,"Hutto, Amy"
POEB0290,COBOL,Missing,-,PO,Omega Reissues,"Hutto, Amy"
POEB0250,COBOL,Missing,-,PO,Omega Reissues,"Hutto, Amy"
POEB0288,COBOL,Missing,-,PO,Omega Reissues,"Hutto, Amy"
POEB0180,COBOL,Missing,-,PO,Omega Reissues,"Hutto, Amy"
POEB0190,COBOL,Missing,-,PO,Omega Reissues,"Hutto, Amy"
POEB0770,COBOL,Missing,-,PO,Omega Reissues,"Hutto, Amy"
POEB0730,COBOL,Missing,-,PO,Omega Reissues,"Hutto, Amy"
POEB510A,COBOL,Missing,-,PO,Omega Reissues,"Hutto, Amy"
POEB0450,COBOL,Missing,-,PO,Omega Reissues,"Hutto, Amy"
POEB0400,COBOL,Missing,-,PO,Omega Reissues,"Hutto, Amy"
POEB0410,COBOL,Missing,-,PO,Omega Reissues,"Hutto, Amy"
POEB0420,COBOL,Missing,-,PO,Omega Reissues,"Hutto, Amy"
POEB0430,COBOL,Missing,-,PO,Omega Reissues,"Hutto, Amy"
POEB0460,COBOL,Missing,-,PO,Omega Reissues,"Hutto, Amy"
POEB0440,COBOL,Missing,-,PO,Omega Reissues,"Hutto, Amy"
POEB0650,COBOL,Missing,-,PO,Omega Reissues,"Hutto, Amy"
POEB0700,COBOL,Missing,-,PO,Omega Reissues,"Hutto, Amy"
POEB0640,COBOL,Missing,-,PO,Omega Reissues,"Hutto, Amy"
POEB0715,COBOL,Missing,-,PO,Omega Reissues,"Hutto, Amy"
POEB510C,COBOL,Missing,-,PO,Omega Reissues,"Hutto, Amy"
PLEB0320,COBOL,Missing,-,PL,Omega Lit,"Hutto, Amy"
PLEB0330,COBOL,Missing,-,PL,Omega Lit,"Hutto, Amy"
POEB510B,COBOL,Missing,-,PO,Omega Reissues,"Hutto, Amy"
PPEB0200,COBOL,Missing,-,PP,Policy Pages,"Hutto, Amy"
PREB0090,COBOL,Missing,-,PR,Rerates,"Hutto, Amy"
PREB065A,COBOL,Missing,-,PR,Rerates,"Hutto, Amy"
PREB0651,COBOL,Missing,-,PR,Rerates,"Hutto, Amy"
PREB0675,COBOL,Missing,-,PR,Rerates,"Hutto, Amy"
PREB0655,COBOL,Missing,-,PR,Rerates,"Hutto, Amy"
PREB066A,COBOL,Missing,-,PR,Rerates,"Hutto, Amy"
PREB0665,COBOL,Missing,-,PR,Rerates,"Hutto, Amy"
PREB0670,COBOL,Missing,-,PR,Rerates,"Hutto, Amy"
PREB0680,COBOL,Missing,-,PR,Rerates,"Hutto, Amy"
PREB0685,COBOL,Missing,-,PR,Rerates,"Hutto, Amy"
PREB9920,COBOL,Missing,-,PR,Rerates,"Hutto, Amy"
PREB0160,COBOL,Missing,-,PR,Rerates,"Hutto, Amy"
PREB0660,COBOL,Missing,-,PR,Rerates,"Hutto, Amy"
PREB7000,COBOL,Missing,-,PR,Rerates,"Hutto, Amy"
PREB7010,COBOL,Missing,-,PR,Rerates,"Hutto, Amy"
PREB7020,COBOL,Missing,-,PR,Rerates,"Hutto, Amy"
PREB0170,COBOL,Missing,-,PR,Rerates,"Hutto, Amy"
PREB0310,COBOL,Missing,-,PR,Rerates,"Hutto, Amy"
PREB0320,COBOL,Missing,-,PR,Rerates,"Hutto, Amy"
PREB0340,COBOL,Missing,-,PR,Rerates,"Hutto, Amy"
PREB0350,COBOL,Missing,-,PR,Rerates,"Hutto, Amy"
PREB0360,COBOL,Missing,-,PR,Rerates,"Hutto, Amy"
PREB0370,COBOL,Missing,-,PR,Rerates,"Hutto, Amy"
PREB0450,COBOL,Missing,-,PR,Rerates,"Hutto, Amy"
PREB0460,COBOL,Missing,-,PR,Rerates,"Hutto, Amy"
PREB0390,COBOL,Missing,-,PR,Rerates,"Hutto, Amy"
PREB0400,COBOL,Missing,-,PR,Rerates,"Hutto, Amy"
PREB0470,COBOL,Missing,-,PR,Rerates,"Hutto, Amy"
PREB0480,COBOL,Missing,-,PR,Rerates,"Hutto, Amy"
PREB0490,COBOL,Missing,-,PR,Rerates,"Hutto, Amy"
PREB0500,COBOL,Missing,-,PR,Rerates,"Hutto, Amy"
PREB0510,COBOL,Missing,-,PR,Rerates,"Hutto, Amy"
PREB0075,COBOL,Missing,-,PR,Rerates,"Hutto, Amy"
PREB0930,COBOL,Missing,-,PR,Rerates,"Hutto, Amy"
PRAB160X,COBOL,Missing,-,PR,Rerates,"Hutto, Amy"
PREB0601,COBOL,Missing,-,PR,Rerates,"Hutto, Amy"
PREB0603,COBOL,Missing,-,PR,Rerates,"Hutto, Amy"
PREB0605,COBOL,Missing,-,PR,Rerates,"Hutto, Amy"
PREB0610,COBOL,Missing,-,PR,Rerates,"Hutto, Amy"
PREB0620,COBOL,Missing,-,PR,Rerates,"Hutto, Amy"
PREB0640,COBOL,Missing,-,PR,Rerates,"Hutto, Amy"
PREB0645,COBOL,Missing,-,PR,Rerates,"Hutto, Amy"
PREB0650,COBOL,Missing,-,PR,Rerates,"Hutto, Amy"
PREB1000,COBOL,Missing,-,PR,Rerates,"Hutto, Amy"
PREB1010,COBOL,Missing,-,PR,Rerates,"Hutto, Amy"
PREB1020,COBOL,Missing,-,PR,Rerates,"Hutto, Amy"
PREB1030,COBOL,Missing,-,PR,Rerates,"Hutto, Amy"
PREB1040,COBOL,Missing,-,PR,Rerates,"Hutto, Amy"
PREB1060,COBOL,Missing,-,PR,Rerates,"Hutto, Amy"
PREB1070,COBOL,Missing,-,PR,Rerates,"Hutto, Amy"
PREB1080,COBOL,Missing,-,PR,Rerates,"Hutto, Amy"
PREB1090,COBOL,Missing,-,PR,Rerates,"Hutto, Amy"
PREB1200,COBOL,Missing,-,PR,Rerates,"Hutto, Amy"
PREB1210,EZPLUS,Found In Newyork,-,PR,Rerates,"Hutto, Amy"
NP73010X,COBOL,Missing,-,NP,Life 70 - Underwriting,"Hutto, Amy"
NP71000X,COBOL,Missing,-,NP,Life 70 - Underwriting,"Hutto, Amy"
NP71490X,COBOL,Missing,-,NP,Life 70 - Underwriting,"Hutto, Amy"
NP73015X,COBOL,Missing,-,NP,Life 70 - Underwriting,"Hutto, Amy"
NP72000X,COBOL,Missing,-,NP,Life 70 - Underwriting,"Hutto, Amy"
NP13380X,COBOL,Missing,-,NP,Life 70 - Underwriting,"Hutto, Amy"
NPTDSGX,COBOL,Missing,-,NP,Life 70 - Underwriting,"Hutto, Amy"
APTDSGX,COBOL,Missing,-,AP,Actuarial,"Hutto, Amy"
PCEB0760,COBOL,Missing,-,PC,Life 70 (core batch processing stay on mainframe),"Hutto, Amy"
PCEB0755,COBOL,Missing,-,PC,Life 70 (core batch processing stay on mainframe),"Hutto, Amy"
PCEB0756,COBOL,Missing,-,PC,Life 70 (core batch processing stay on mainframe),"Hutto, Amy"
PCEB0757,COBOL,Missing,-,PC,Life 70 (core batch processing stay on mainframe),"Hutto, Amy"
POEB0801,COBOL,Missing,-,PO,Omega Reissues,"Hutto, Amy"
PCEB0256,COBOL,Missing,-,PC,Life 70 (core batch processing stay on mainframe),"Hutto, Amy"
PCEB0761,COBOL,Missing,-,PC,Life 70 (core batch processing stay on mainframe),"Hutto, Amy"
PCEB0630,COBOL,Missing,-,PC,Life 70 (core batch processing stay on mainframe),"Hutto, Amy"
PCEB0765,COBOL,Missing,-,PC,Life 70 (core batch processing stay on mainframe),"Hutto, Amy"
PCEB0099,COBOL,Missing,-,PC,Life 70 (core batch processing stay on mainframe),"Hutto, Amy"
PCEB0754,COBOL,Missing,-,PC,Life 70 (core batch processing stay on mainframe),"Hutto, Amy"
PCSLE860,COBOL,Missing,-,PC,Life 70 (core batch processing stay on mainframe),"Hutto, Amy"
PCEB0905,COBOL,Missing,-,PC,Life 70 (core batch processing stay on mainframe),"Hutto, Amy"
PCEB0420,COBOL,Missing,-,PC,Life 70 (core batch processing stay on mainframe),"Hutto, Amy"
PCEB0430,COBOL,Missing,-,PC,Life 70 (core batch processing stay on mainframe),"Hutto, Amy"
PCEB0440,COBOL,Missing,-,PC,Life 70 (core batch processing stay on mainframe),"Hutto, Amy"
PCEB0445,COBOL,Missing,-,PC,Life 70 (core batch processing stay on mainframe),"Hutto, Amy"
PCEB0450,COBOL,Missing,-,PC,Life 70 (core batch processing stay on mainframe),"Hutto, Amy"
APCODS,CONTROL_CARD,Missing,-,PC,Life 70 (core batch processing stay on mainframe),"Hutto, Amy"
ZPERFMAN,CONTROL_CARD,Missing,-,PE,Policy Exceptions,"Hutto, Amy"
ZPMLTP,CONTROL_CARD,Missing,-,PM,Policy Master Record Inquiry,"Hutto, Amy"
NP01290X,COBOL,Missing,-,NP,Life 70 - Underwriting,"Hutto, Amy"
PPBE0500,COBOL,Missing,-,PP,Policy Pages,"Hutto, Amy"
NAT2PROX,PROC,Missing,-,AT,Actuarial,"Hutto, Amy"
WWTENDER,COBOL,Missing,-,WW,"Policy Services Workflow
Owner: Amy","Hutto, Amy"
WWEB0001,COBOL,Missing,-,WW,"Policy Services Workflow
Owner: Amy","Hutto, Amy"
WWEB0002,COBOL,Missing,-,WW,"Policy Services Workflow
Owner: Amy","Hutto, Amy"
ZJEB0110,COBOL,Missing,-,ZJ,EAS - Emergency Advisory System,"Hutto, Amy"
ZJEB0115,COBOL,Missing,-,ZJ,EAS - Emergency Advisory System,"Hutto, Amy"
ZJEB0120,COBOL,Missing,-,ZJ,EAS - Emergency Advisory System,"Hutto, Amy"
ZJEB0080,COBOL,Missing,-,ZJ,EAS - Emergency Advisory System,"Hutto, Amy"
ZJEB0090,COBOL,Missing,-,ZJ,EAS - Emergency Advisory System,"Hutto, Amy"
NAT2PROD,PROC,Missing,-,AT,Actuarial,"Hutto, Amy"
