Calling Component Name,Calling Component Type,,App Name,App Owner,Called Component Name,Called Component Type,Call Type
AENDNYB2,COBOL,AENDNYB2COBOL,Actuarial,"Hutto, Amy",SQLCA,DCLGEN,
AENDNYB2,COBOL,AENDNYB2COBOL,Actuarial,"Hutto, Amy",CEE3ABD,COBOL,STATIC
AHCB0060,COBOL,AHCB0060COBOL,Actuarial,"Hutto, Amy",UTCCHDRS,COPYBOOK,
AHCB0060,COBOL,AHCB0060COBOL,Actuarial,"Hutto, Amy",UTCC1001,COPYBOOK,
AHCB0060,COBOL,AHCB0060COBOL,Actuarial,"Hutto, Amy",UTCC1003,COPYBOOK,
AHCB0060,COBOL,AHCB0060COBOL,Actuarial,"Hutto, Amy",UTAB1001,COBOL,DYNAMIC
AHCB0060,COBOL,AHCB0060COBOL,Actuarial,"Hutto, Amy",UTAB1003,COBOL,DYNAMIC
AHCB0200,COBOL,AHCB0200COBOL,Actuarial,"Hutto, Amy",DSTBLMAC,COPYBOOK,
AHCB0200,COBOL,AHCB0200COBOL,Actuarial,"Hutto, Amy",BPCCE2C0,COPYBOOK,
AHCB0200,COBOL,AHCB0200COBOL,Actuarial,"Hutto, Amy",DSTBLMAN,COBOL,DYNAMIC
AHCB0200,COBOL,AHCB0200COBOL,Actuarial,"Hutto, Amy",CEE3ABD,COBOL,STATIC
AHCB0210,COBOL,AHCB0210COBOL,Actuarial,"Hutto, Amy",BPCCE2C0,COPYBOOK,
AHCB0210,COBOL,AHCB0210COBOL,Actuarial,"Hutto, Amy",CEE3ABD,COBOL,STATIC
ARSCC600,COBOL,ARSCC600COBOL,Actuarial,"Hutto, Amy",DSTBLMAC,COPYBOOK,
ARSCC600,COBOL,ARSCC600COBOL,Actuarial,"Hutto, Amy",BPCCE2C0,COPYBOOK,
ARSCC600,COBOL,ARSCC600COBOL,Actuarial,"Hutto, Amy",DSTBLMAN,COBOL,DYNAMIC
ARSCC600,COBOL,ARSCC600COBOL,Actuarial,"Hutto, Amy",CEE3ABD,COBOL,STATIC
ARSCC610,COBOL,ARSCC610COBOL,Actuarial,"Hutto, Amy",DSTBLMAC,COPYBOOK,
ARSCC610,COBOL,ARSCC610COBOL,Actuarial,"Hutto, Amy",BPCCE2C0,COPYBOOK,
ARSCC610,COBOL,ARSCC610COBOL,Actuarial,"Hutto, Amy",DSTBLMAN,COBOL,DYNAMIC
ARSCC610,COBOL,ARSCC610COBOL,Actuarial,"Hutto, Amy",CEE3ABD,COBOL,STATIC
ARSCC620,COBOL,ARSCC620COBOL,Actuarial,"Hutto, Amy",DSTBLMAC,COPYBOOK,
ARSCC620,COBOL,ARSCC620COBOL,Actuarial,"Hutto, Amy",BPCCE2C0,COPYBOOK,
ARSCC620,COBOL,ARSCC620COBOL,Actuarial,"Hutto, Amy",DSTBLMAN,COBOL,DYNAMIC
ARSCC620,COBOL,ARSCC620COBOL,Actuarial,"Hutto, Amy",CEE3ABD,COBOL,STATIC
ATCB0012,COBOL,ATCB0012COBOL,Actuarial,"Hutto, Amy",BPCCE2C0,COPYBOOK,
ATCB0012,COBOL,ATCB0012COBOL,Actuarial,"Hutto, Amy",CEE3ABD,COBOL,STATIC
AVCB0500,COBOL,AVCB0500COBOL,Actuarial,"Hutto, Amy",PMRIN,COPYBOOK,
AVCB0500,COBOL,AVCB0500COBOL,Actuarial,"Hutto, Amy",PMREXTR,COPYBOOK,
AVCB0500,COBOL,AVCB0500COBOL,Actuarial,"Hutto, Amy",ABEND,COBOL,STATIC
AVCB0510,COBOL,AVCB0510COBOL,Actuarial,"Hutto, Amy",LONGPREM,COPYBOOK,
AVCB0510,COBOL,AVCB0510COBOL,Actuarial,"Hutto, Amy",CASHVALS,COPYBOOK,
AVCB0510,COBOL,AVCB0510COBOL,Actuarial,"Hutto, Amy",NYEXTR1I,COPYBOOK,
AVCB0510,COBOL,AVCB0510COBOL,Actuarial,"Hutto, Amy",NYEXTR1,COPYBOOK,
AVCB0510,COBOL,AVCB0510COBOL,Actuarial,"Hutto, Amy",DSTBLMAC,COPYBOOK,
AVCB0510,COBOL,AVCB0510COBOL,Actuarial,"Hutto, Amy",Y2KCOBOL,COPYBOOK,
AVCB0510,COBOL,AVCB0510COBOL,Actuarial,"Hutto, Amy",DSTBLMAN,COBOL,DYNAMIC
AVCB0510,COBOL,AVCB0510COBOL,Actuarial,"Hutto, Amy",ABEND,COBOL,STATIC
AVCB0510,COBOL,AVCB0510COBOL,Actuarial,"Hutto, Amy",UTCB9010,COBOL,STATIC
AVCB0520,COBOL,AVCB0520COBOL,Actuarial,"Hutto, Amy",LONGMID,COPYBOOK,
AVCB0520,COBOL,AVCB0520COBOL,Actuarial,"Hutto, Amy",CASHVALS,COPYBOOK,
AVCB0520,COBOL,AVCB0520COBOL,Actuarial,"Hutto, Amy",NYEXTR1I,COPYBOOK,
AVCB0520,COBOL,AVCB0520COBOL,Actuarial,"Hutto, Amy",NYEXTR1,COPYBOOK,
AVCB0520,COBOL,AVCB0520COBOL,Actuarial,"Hutto, Amy",DSTBLMAC,COPYBOOK,
AVCB0520,COBOL,AVCB0520COBOL,Actuarial,"Hutto, Amy",Y2KCOBOL,COPYBOOK,
AVCB0520,COBOL,AVCB0520COBOL,Actuarial,"Hutto, Amy",DSTBLMAN,COBOL,DYNAMIC
AVCB0520,COBOL,AVCB0520COBOL,Actuarial,"Hutto, Amy",ABEND,COBOL,STATIC
AVCB0520,COBOL,AVCB0520COBOL,Actuarial,"Hutto, Amy",UTCB9010,COBOL,STATIC
AVCB0530,COBOL,AVCB0530COBOL,Actuarial,"Hutto, Amy",ANSWFILE,COPYBOOK,
AVCB0530,COBOL,AVCB0530COBOL,Actuarial,"Hutto, Amy",CASHVALS,COPYBOOK,
AVCB0530,COBOL,AVCB0530COBOL,Actuarial,"Hutto, Amy",NYEXTR1I,COPYBOOK,
AVCB0530,COBOL,AVCB0530COBOL,Actuarial,"Hutto, Amy",NYEXTR1,COPYBOOK,
AVCB0530,COBOL,AVCB0530COBOL,Actuarial,"Hutto, Amy",DSTBLMAC,COPYBOOK,
AVCB0530,COBOL,AVCB0530COBOL,Actuarial,"Hutto, Amy",Y2KCOBOL,COPYBOOK,
AVCB0530,COBOL,AVCB0530COBOL,Actuarial,"Hutto, Amy",BPCCE2C0,COPYBOOK,
AVCB0530,COBOL,AVCB0530COBOL,Actuarial,"Hutto, Amy",UTCB9010,COBOL,STATIC
AVCB0530,COBOL,AVCB0530COBOL,Actuarial,"Hutto, Amy",DSTBLMAN,COBOL,DYNAMIC
AVCB0530,COBOL,AVCB0530COBOL,Actuarial,"Hutto, Amy",ABEND,COBOL,STATIC
AVCB0535,COBOL,AVCB0535COBOL,Actuarial,"Hutto, Amy",ANSWFILE,COPYBOOK,
AVCB0535,COBOL,AVCB0535COBOL,Actuarial,"Hutto, Amy",NYEXTR1I,COPYBOOK,
AVCB0535,COBOL,AVCB0535COBOL,Actuarial,"Hutto, Amy",NYEXTR1,COPYBOOK,
AVCB0535,COBOL,AVCB0535COBOL,Actuarial,"Hutto, Amy",DSTBLMAC,COPYBOOK,
AVCB0535,COBOL,AVCB0535COBOL,Actuarial,"Hutto, Amy",Y2KCOBOL,COPYBOOK,
AVCB0535,COBOL,AVCB0535COBOL,Actuarial,"Hutto, Amy",DSTBLMAN,COBOL,DYNAMIC
AVCB0535,COBOL,AVCB0535COBOL,Actuarial,"Hutto, Amy",ABEND,COBOL,STATIC
AVCB0535,COBOL,AVCB0535COBOL,Actuarial,"Hutto, Amy",UTCB9010,COBOL,STATIC
AVCB0540,COBOL,AVCB0540COBOL,Actuarial,"Hutto, Amy",AHRESVIN,COPYBOOK,
AVCB0540,COBOL,AVCB0540COBOL,Actuarial,"Hutto, Amy",AHRESOUT,COPYBOOK,
AVCB0550,COBOL,AVCB0550COBOL,Actuarial,"Hutto, Amy",AHUNERIN,COPYBOOK,
AVCB0550,COBOL,AVCB0550COBOL,Actuarial,"Hutto, Amy",AHUNEOUT,COPYBOOK,
AVCB0610,COBOL,AVCB0610COBOL,Actuarial,"Hutto, Amy",LONGPREM,COPYBOOK,
AVCB0610,COBOL,AVCB0610COBOL,Actuarial,"Hutto, Amy",CASHVALS,COPYBOOK,
AVCB0610,COBOL,AVCB0610COBOL,Actuarial,"Hutto, Amy",NYEXTR1I,COPYBOOK,
AVCB0610,COBOL,AVCB0610COBOL,Actuarial,"Hutto, Amy",NYEXTR1,COPYBOOK,
AVCB0610,COBOL,AVCB0610COBOL,Actuarial,"Hutto, Amy",DSTBLMAC,COPYBOOK,
AVCB0610,COBOL,AVCB0610COBOL,Actuarial,"Hutto, Amy",Y2KCOBOL,COPYBOOK,
AVCB0610,COBOL,AVCB0610COBOL,Actuarial,"Hutto, Amy",DSTBLMAN,COBOL,DYNAMIC
AVCB0610,COBOL,AVCB0610COBOL,Actuarial,"Hutto, Amy",ABEND,COBOL,STATIC
AVCB0610,COBOL,AVCB0610COBOL,Actuarial,"Hutto, Amy",UTCB9010,COBOL,STATIC
AVCB0620,COBOL,AVCB0620COBOL,Actuarial,"Hutto, Amy",LONGMID,COPYBOOK,
AVCB0620,COBOL,AVCB0620COBOL,Actuarial,"Hutto, Amy",CASHVALS,COPYBOOK,
AVCB0620,COBOL,AVCB0620COBOL,Actuarial,"Hutto, Amy",NYEXTR1I,COPYBOOK,
AVCB0620,COBOL,AVCB0620COBOL,Actuarial,"Hutto, Amy",NYEXTR1,COPYBOOK,
AVCB0620,COBOL,AVCB0620COBOL,Actuarial,"Hutto, Amy",DSTBLMAC,COPYBOOK,
AVCB0620,COBOL,AVCB0620COBOL,Actuarial,"Hutto, Amy",Y2KCOBOL,COPYBOOK,
AVCB0620,COBOL,AVCB0620COBOL,Actuarial,"Hutto, Amy",DSTBLMAN,COBOL,DYNAMIC
AVCB0620,COBOL,AVCB0620COBOL,Actuarial,"Hutto, Amy",ABEND,COBOL,STATIC
AVCB0620,COBOL,AVCB0620COBOL,Actuarial,"Hutto, Amy",UTCB9010,COBOL,STATIC
AVCB0630,COBOL,AVCB0630COBOL,Actuarial,"Hutto, Amy",ANSWFILE,COPYBOOK,
AVCB0630,COBOL,AVCB0630COBOL,Actuarial,"Hutto, Amy",NYEXTR1I,COPYBOOK,
AVCB0630,COBOL,AVCB0630COBOL,Actuarial,"Hutto, Amy",NYEXTR1,COPYBOOK,
AVCB0630,COBOL,AVCB0630COBOL,Actuarial,"Hutto, Amy",DSTBLMAC,COPYBOOK,
AVCB0630,COBOL,AVCB0630COBOL,Actuarial,"Hutto, Amy",Y2KCOBOL,COPYBOOK,
AVCB0630,COBOL,AVCB0630COBOL,Actuarial,"Hutto, Amy",DSTBLMAN,COBOL,DYNAMIC
AVCB0630,COBOL,AVCB0630COBOL,Actuarial,"Hutto, Amy",ABEND,COBOL,STATIC
AVCB0630,COBOL,AVCB0630COBOL,Actuarial,"Hutto, Amy",UTCB9010,COBOL,STATIC
AVCB0700,COBOL,AVCB0700COBOL,Actuarial,"Hutto, Amy",NYEXTR1I,COPYBOOK,
AVCB0700,COBOL,AVCB0700COBOL,Actuarial,"Hutto, Amy",NYEXTR1,COPYBOOK,
AVCB0700,COBOL,AVCB0700COBOL,Actuarial,"Hutto, Amy",DSTBLMAC,COPYBOOK,
AVCB0700,COBOL,AVCB0700COBOL,Actuarial,"Hutto, Amy",Y2KCOBOL,COPYBOOK,
AVCB0700,COBOL,AVCB0700COBOL,Actuarial,"Hutto, Amy",CMDATEC,COPYBOOK,
AVCB0700,COBOL,AVCB0700COBOL,Actuarial,"Hutto, Amy",DSTBLMAN,COBOL,DYNAMIC
AVCB0700,COBOL,AVCB0700COBOL,Actuarial,"Hutto, Amy",ABEND,COBOL,STATIC
AVCB0750,COBOL,AVCB0750COBOL,Actuarial,"Hutto, Amy",NYEXTR1I,COPYBOOK,
AVCB0750,COBOL,AVCB0750COBOL,Actuarial,"Hutto, Amy",NYEXTR1P,COPYBOOK,
AVCB0750,COBOL,AVCB0750COBOL,Actuarial,"Hutto, Amy",NYEXTR1,COPYBOOK,
AVCB0750,COBOL,AVCB0750COBOL,Actuarial,"Hutto, Amy",DSTBLMAC,COPYBOOK,
AVCB0750,COBOL,AVCB0750COBOL,Actuarial,"Hutto, Amy",Y2KCOBOL,COPYBOOK,
AVCB0750,COBOL,AVCB0750COBOL,Actuarial,"Hutto, Amy",CMDATEC,COPYBOOK,
AVCB0750,COBOL,AVCB0750COBOL,Actuarial,"Hutto, Amy",DSTBLMAN,COBOL,DYNAMIC
AVCB0750,COBOL,AVCB0750COBOL,Actuarial,"Hutto, Amy",ABEND,COBOL,STATIC
AVCB0760,COBOL,AVCB0760COBOL,Actuarial,"Hutto, Amy",NYEXTR1I,COPYBOOK,
AVCB0760,COBOL,AVCB0760COBOL,Actuarial,"Hutto, Amy",NYEXTR1,COPYBOOK,
AVCB0760,COBOL,AVCB0760COBOL,Actuarial,"Hutto, Amy",DSTBLMAC,COPYBOOK,
AVCB0760,COBOL,AVCB0760COBOL,Actuarial,"Hutto, Amy",Y2KCOBOL,COPYBOOK,
AVCB0760,COBOL,AVCB0760COBOL,Actuarial,"Hutto, Amy",CMDATEC,COPYBOOK,
AVCB0760,COBOL,AVCB0760COBOL,Actuarial,"Hutto, Amy",DSTBLMAN,COBOL,DYNAMIC
AVCB0760,COBOL,AVCB0760COBOL,Actuarial,"Hutto, Amy",ABEND,COBOL,STATIC
AVCB0770,COBOL,AVCB0770COBOL,Actuarial,"Hutto, Amy",NYEXTR1I,COPYBOOK,
AVCB0770,COBOL,AVCB0770COBOL,Actuarial,"Hutto, Amy",NYEXTR1P,COPYBOOK,
AVCB0770,COBOL,AVCB0770COBOL,Actuarial,"Hutto, Amy",NYEXTR1,COPYBOOK,
AVCB0770,COBOL,AVCB0770COBOL,Actuarial,"Hutto, Amy",Y2KCOBOL,COPYBOOK,
AVCB0770,COBOL,AVCB0770COBOL,Actuarial,"Hutto, Amy",CMDATEC,COPYBOOK,
AVCB0770,COBOL,AVCB0770COBOL,Actuarial,"Hutto, Amy",BPCCE2C0,COPYBOOK,
AVCB0770,COBOL,AVCB0770COBOL,Actuarial,"Hutto, Amy",UTCB9010,COBOL,STATIC
AVCB0770,COBOL,AVCB0770COBOL,Actuarial,"Hutto, Amy",CMCVDATE,COBOL,STATIC
AVCB0770,COBOL,AVCB0770COBOL,Actuarial,"Hutto, Amy",ABEND,COBOL,STATIC
AVCO0100,COBOL,AVCO0100COBOL,Actuarial,"Hutto, Amy",AVNYXREF,COPYBOOK,
AVCO0100,COBOL,AVCO0100COBOL,Actuarial,"Hutto, Amy",AVOM100,COPYBOOK,
AVCO0100,COBOL,AVCO0100COBOL,Actuarial,"Hutto, Amy",DFHAID,COPYBOOK,
AVCO0100,COBOL,AVCO0100COBOL,Actuarial,"Hutto, Amy",DFHBMSCA,COPYBOOK,
AVCO0100,COBOL,AVCO0100COBOL,Actuarial,"Hutto, Amy",AVOM100,MAPS,
AVCO0100,COBOL,AVCO0100COBOL,Actuarial,"Hutto, Amy",EDPI,TRANSACTION,DYNAMIC
AVCO0100,COBOL,AVCO0100COBOL,Actuarial,"Hutto, Amy",AVCO0110,COBOL,DYNAMIC
AVCO0110,COBOL,AVCO0110COBOL,Actuarial,"Hutto, Amy",AVNYXREF,COPYBOOK,
AVCO0110,COBOL,AVCO0110COBOL,Actuarial,"Hutto, Amy",AVOM110,COPYBOOK,
AVCO0110,COBOL,AVCO0110COBOL,Actuarial,"Hutto, Amy",DFHAID,COPYBOOK,
AVCO0110,COBOL,AVCO0110COBOL,Actuarial,"Hutto, Amy",DFHBMSCA,COPYBOOK,
AVCO0110,COBOL,AVCO0110COBOL,Actuarial,"Hutto, Amy",AVOM110,MAPS,
AVCO0110,COBOL,AVCO0110COBOL,Actuarial,"Hutto, Amy",AVCO0100,COBOL,DYNAMIC
COCB0060,COBOL,COCB0060COBOL,Conversions (Cycle J IV - TracJ),"Hutto, Amy",UUCC5071,COPYBOOK,
COCB0060,COBOL,COCB0060COBOL,Conversions (Cycle J IV - TracJ),"Hutto, Amy",ZZCC0901,COPYBOOK,
COCB0060,COBOL,COCB0060COBOL,Conversions (Cycle J IV - TracJ),"Hutto, Amy",ZZCC1301,COPYBOOK,
COCB0060,COBOL,COCB0060COBOL,Conversions (Cycle J IV - TracJ),"Hutto, Amy",ZZCC0001,COPYBOOK,
COCB0060,COBOL,COCB0060COBOL,Conversions (Cycle J IV - TracJ),"Hutto, Amy",ZZCC0601,COPYBOOK,
COCB0060,COBOL,COCB0060COBOL,Conversions (Cycle J IV - TracJ),"Hutto, Amy",ZZCC0801,COPYBOOK,
COCB0060,COBOL,COCB0060COBOL,Conversions (Cycle J IV - TracJ),"Hutto, Amy",ZZCU0006,COBOL,DYNAMIC
COCB0060,COBOL,COCB0060COBOL,Conversions (Cycle J IV - TracJ),"Hutto, Amy",ZZCU0009,COBOL,DYNAMIC
COCB0060,COBOL,COCB0060COBOL,Conversions (Cycle J IV - TracJ),"Hutto, Amy",ZZCU0013,COBOL,DYNAMIC
COCB0060,COBOL,COCB0060COBOL,Conversions (Cycle J IV - TracJ),"Hutto, Amy",ZZCU0008,COBOL,DYNAMIC
CPCO0272,COBOL,CPCO0272COBOL,Policy Remarks,"Hutto, Amy",CLAIMREC,COPYBOOK,
CPCO0272,COBOL,CPCO0272COBOL,Policy Remarks,"Hutto, Amy",CMQODV,COPYBOOK,
CPCO0272,COBOL,CPCO0272COBOL,Policy Remarks,"Hutto, Amy",CMQMDV,COPYBOOK,
CPCO0272,COBOL,CPCO0272COBOL,Policy Remarks,"Hutto, Amy",CMQPMOV,COPYBOOK,
CPCO0272,COBOL,CPCO0272COBOL,Policy Remarks,"Hutto, Amy",CMQGMOV,COPYBOOK,
CPCO0272,COBOL,CPCO0272COBOL,Policy Remarks,"Hutto, Amy",CMQV,COPYBOOK,
CPCO0272,COBOL,CPCO0272COBOL,Policy Remarks,"Hutto, Amy",CMFINDTC,COPYBOOK,
CPCO0272,COBOL,CPCO0272COBOL,Policy Remarks,"Hutto, Amy",MQGET,COBOL,STATIC
CPCO0272,COBOL,CPCO0272COBOL,Policy Remarks,"Hutto, Amy",CPCO0050,COBOL,STATIC
CPCO0272,COBOL,CPCO0272COBOL,Policy Remarks,"Hutto, Amy",NPCO0700,COBOL,STATIC
CPCO0272,COBOL,CPCO0272COBOL,Policy Remarks,"Hutto, Amy",MQPUT1,COBOL,STATIC
CPCO0272,COBOL,CPCO0272COBOL,Policy Remarks,"Hutto, Amy",MQOPEN,COBOL,STATIC
CPCO0272,COBOL,CPCO0272COBOL,Policy Remarks,"Hutto, Amy",MQCLOSE,COBOL,STATIC
FGCB0020,COBOL,FGCB0020COBOL,Life 70 - General Accounting,"Hutto, Amy",UUCC5050,COPYBOOK,
FGCB0020,COBOL,FGCB0020COBOL,Life 70 - General Accounting,"Hutto, Amy",ZZCC1101,COPYBOOK,
FGCB0020,COBOL,FGCB0020COBOL,Life 70 - General Accounting,"Hutto, Amy",ZZCC1301,COPYBOOK,
FGCB0020,COBOL,FGCB0020COBOL,Life 70 - General Accounting,"Hutto, Amy",ZZCC0001,COPYBOOK,
FGCB0020,COBOL,FGCB0020COBOL,Life 70 - General Accounting,"Hutto, Amy",ZZCC0601,COPYBOOK,
FGCB0020,COBOL,FGCB0020COBOL,Life 70 - General Accounting,"Hutto, Amy",ZZCC0801,COPYBOOK,
FGCB0020,COBOL,FGCB0020COBOL,Life 70 - General Accounting,"Hutto, Amy",ZZCU0009,COBOL,DYNAMIC
FGCB0020,COBOL,FGCB0020COBOL,Life 70 - General Accounting,"Hutto, Amy",ZZCU0013,COBOL,DYNAMIC
FGCB0020,COBOL,FGCB0020COBOL,Life 70 - General Accounting,"Hutto, Amy",ZZCU0006,COBOL,DYNAMIC
FGCB0020,COBOL,FGCB0020COBOL,Life 70 - General Accounting,"Hutto, Amy",ZZCU0008,COBOL,DYNAMIC
FGCB0100,COBOL,FGCB0100COBOL,Life 70 - General Accounting,"Hutto, Amy",Y2KCOBOL,COPYBOOK,
FGCB0100,COBOL,FGCB0100COBOL,Life 70 - General Accounting,"Hutto, Amy",UTCB9010,COBOL,STATIC
FGCB0100,COBOL,FGCB0100COBOL,Life 70 - General Accounting,"Hutto, Amy",ABEND,COBOL,STATIC
IOCO0030,COBOL,IOCO0030COBOL,New Business Scorecard,"Hutto, Amy",MQPARM,COPYBOOK,
IOCO0030,COBOL,IOCO0030COBOL,New Business Scorecard,"Hutto, Amy",MBIERRWS,COPYBOOK,
IOCO0030,COBOL,IOCO0030COBOL,New Business Scorecard,"Hutto, Amy",MBIAREA,COPYBOOK,
IOCO0030,COBOL,IOCO0030COBOL,New Business Scorecard,"Hutto, Amy",U7SVC,COBOL,DYNAMIC
IOCO0030,COBOL,IOCO0030COBOL,New Business Scorecard,"Hutto, Amy",MQCO0004,COBOL,DYNAMIC
NPCB0014,COBOL,NPCB0014COBOL,Life 70 - Underwriting,"Hutto, Amy",NCMCCORR,COPYBOOK,
NPCB0014,COBOL,NPCB0014COBOL,Life 70 - Underwriting,"Hutto, Amy",SQLCA,DCLGEN,
NPCB0014,COBOL,NPCB0014COBOL,Life 70 - Underwriting,"Hutto, Amy",Y2KCOBOL,COPYBOOK,
NPCB0780,COBOL,NPCB0780COBOL,Life 70 - Underwriting,"Hutto, Amy",NFCCNAV0,COPYBOOK,
NPCB0780,COBOL,NPCB0780COBOL,Life 70 - Underwriting,"Hutto, Amy",NFCCNAV1,COPYBOOK,
NPCB0780,COBOL,NPCB0780COBOL,Life 70 - Underwriting,"Hutto, Amy",PMCCNAV0,COPYBOOK,
NPCB0780,COBOL,NPCB0780COBOL,Life 70 - Underwriting,"Hutto, Amy",PMCCNAV1,COPYBOOK,
NPCB0780,COBOL,NPCB0780COBOL,Life 70 - Underwriting,"Hutto, Amy",SQLCA,DCLGEN,
NPCB0780,COBOL,NPCB0780COBOL,Life 70 - Underwriting,"Hutto, Amy",ABEND,COBOL,STATIC
NPCB0780,COBOL,NPCB0780COBOL,Life 70 - Underwriting,"Hutto, Amy",NFCBNAV0,COBOL,DYNAMIC
NPCB0780,COBOL,NPCB0780COBOL,Life 70 - Underwriting,"Hutto, Amy",PMCBNAV0,COBOL,DYNAMIC
NPCB0780,COBOL,NPCB0780COBOL,Life 70 - Underwriting,"Hutto, Amy",CMFINDT,COBOL,STATIC
NPCB0805,COBOL,NPCB0805COBOL,Life 70 - Underwriting,"Hutto, Amy",SCUXRMKS,DCLGEN,
NPCB0805,COBOL,NPCB0805COBOL,Life 70 - Underwriting,"Hutto, Amy",UXCCBPD2,DCLGEN,
NPCB0805,COBOL,NPCB0805COBOL,Life 70 - Underwriting,"Hutto, Amy",UXCCBPGN,COPYBOOK,
NPCB0805,COBOL,NPCB0805COBOL,Life 70 - Underwriting,"Hutto, Amy",UXCCBPI2,COPYBOOK,
NPCB0805,COBOL,NPCB0805COBOL,Life 70 - Underwriting,"Hutto, Amy",UXCCBPWS,COPYBOOK,
NPCB0805,COBOL,NPCB0805COBOL,Life 70 - Underwriting,"Hutto, Amy",UXCCBPVS,COPYBOOK,
NPCB0805,COBOL,NPCB0805COBOL,Life 70 - Underwriting,"Hutto, Amy",UXCCRMKS,COPYBOOK,
NPCB0805,COBOL,NPCB0805COBOL,Life 70 - Underwriting,"Hutto, Amy",SBBO5900,COPYBOOK,
NPCB0805,COBOL,NPCB0805COBOL,Life 70 - Underwriting,"Hutto, Amy",SQLCA,DCLGEN,
NPCB0805,COBOL,NPCB0805COBOL,Life 70 - Underwriting,"Hutto, Amy",ABEND,COBOL,STATIC
NPCB0805,COBOL,NPCB0805COBOL,Life 70 - Underwriting,"Hutto, Amy",UXCUCOMP,COBOL,DYNAMIC
NPCB0805,COBOL,NPCB0805COBOL,Life 70 - Underwriting,"Hutto, Amy",UXCCRMKD,DCLGEN,STATIC
NPCB0805,COBOL,NPCB0805COBOL,Life 70 - Underwriting,"Hutto, Amy",UXCCRMKY,COPYBOOK,
NPCB0805,COBOL,NPCB0805COBOL,Life 70 - Underwriting,"Hutto, Amy",UXCCBPQB,DCLGEN,
NPCB0805,COBOL,NPCB0805COBOL,Life 70 - Underwriting,"Hutto, Amy",CEE3ABD,COBOL,STATIC
NPCB2010,COBOL,NPCB2010COBOL,Life 70 - Underwriting,"Hutto, Amy",CMFINDTC,COPYBOOK,
NPCB2010,COBOL,NPCB2010COBOL,Life 70 - Underwriting,"Hutto, Amy",VEAHATRL,COPYBOOK,
NPCB2010,COBOL,NPCB2010COBOL,Life 70 - Underwriting,"Hutto, Amy",VEAHCTRL,COPYBOOK,
NPCB2010,COBOL,NPCB2010COBOL,Life 70 - Underwriting,"Hutto, Amy",VEAHNTRL,COPYBOOK,
NPCB2010,COBOL,NPCB2010COBOL,Life 70 - Underwriting,"Hutto, Amy",VEAHPTRL,COPYBOOK,
NPCB2010,COBOL,NPCB2010COBOL,Life 70 - Underwriting,"Hutto, Amy",CMFINDT,COBOL,STATIC
NPCBP010,COBOL,NPCBP010COBOL,Life 70 - Underwriting,"Hutto, Amy",UUCC5022,COPYBOOK,
NPCBP010,COBOL,NPCBP010COBOL,Life 70 - Underwriting,"Hutto, Amy",UUCC5076,COPYBOOK,
NPCBP010,COBOL,NPCBP010COBOL,Life 70 - Underwriting,"Hutto, Amy",ZZCC1301,COPYBOOK,
NPCBP010,COBOL,NPCBP010COBOL,Life 70 - Underwriting,"Hutto, Amy",ZZCC0001,COPYBOOK,
NPCBP010,COBOL,NPCBP010COBOL,Life 70 - Underwriting,"Hutto, Amy",ZZCC0601,COPYBOOK,
NPCBP010,COBOL,NPCBP010COBOL,Life 70 - Underwriting,"Hutto, Amy",ZZCC0801,COPYBOOK,
NPCBP010,COBOL,NPCBP010COBOL,Life 70 - Underwriting,"Hutto, Amy",ZZCU0009,COBOL,DYNAMIC
NPCBP010,COBOL,NPCBP010COBOL,Life 70 - Underwriting,"Hutto, Amy",ZZCU0035,COBOL,STATIC
NPCBP010,COBOL,NPCBP010COBOL,Life 70 - Underwriting,"Hutto, Amy",ZZCU0013,COBOL,DYNAMIC
NPCBP010,COBOL,NPCBP010COBOL,Life 70 - Underwriting,"Hutto, Amy",ZZCU0006,COBOL,DYNAMIC
NPCBP010,COBOL,NPCBP010COBOL,Life 70 - Underwriting,"Hutto, Amy",ZZCU0008,COBOL,DYNAMIC
NRCB0100,COBOL,NRCB0100COBOL,Return Letters,"Hutto, Amy",SQLCA,DCLGEN,
NRCB0100,COBOL,NRCB0100COBOL,Return Letters,"Hutto, Amy",CEE3ABD,COBOL,STATIC
PCAOC240,COBOL,PCAOC240COBOL,Life 70 (core batch processing stay on mainframe),"Hutto, Amy",PCAOR010,COPYBOOK,
PCAOC250,COBOL,PCAOC250COBOL,Life 70 (core batch processing stay on mainframe),"Hutto, Amy",PCAOR010,COPYBOOK,
PCCB0067,COBOL,PCCB0067COBOL,Life 70 (core batch processing stay on mainframe),"Hutto, Amy",ABEND,COBOL,STATIC
PCCB0068,COBOL,PCCB0068COBOL,Life 70 (core batch processing stay on mainframe),"Hutto, Amy",SBBO5900,COPYBOOK,
PCCB0068,COBOL,PCCB0068COBOL,Life 70 (core batch processing stay on mainframe),"Hutto, Amy",UUCC6324,COPYBOOK,
PCCB0068,COBOL,PCCB0068COBOL,Life 70 (core batch processing stay on mainframe),"Hutto, Amy",UUCC6325,COPYBOOK,
PCCB0068,COBOL,PCCB0068COBOL,Life 70 (core batch processing stay on mainframe),"Hutto, Amy",Y2KCOBOL,COPYBOOK,
PCCB0068,COBOL,PCCB0068COBOL,Life 70 (core batch processing stay on mainframe),"Hutto, Amy",UTCB9010,COBOL,DYNAMIC
PCCB0068,COBOL,PCCB0068COBOL,Life 70 (core batch processing stay on mainframe),"Hutto, Amy",UTCB9010,COBOL,STATIC
PCCB0204,COBOL,PCCB0204COBOL,Life 70 (core batch processing stay on mainframe),"Hutto, Amy",ABEND,COBOL,STATIC
PCCBTRML,COBOL,PCCBTRMLCOBOL,Life 70 (core batch processing stay on mainframe),"Hutto, Amy",NPPSTTBL,COPYBOOK,
PCCBTRML,COBOL,PCCBTRMLCOBOL,Life 70 (core batch processing stay on mainframe),"Hutto, Amy",PMTRLRCO,COPYBOOK,
PCCBTRML,COBOL,PCCBTRMLCOBOL,Life 70 (core batch processing stay on mainframe),"Hutto, Amy",SBBO5900,COPYBOOK,
PCCBTRML,COBOL,PCCBTRMLCOBOL,Life 70 (core batch processing stay on mainframe),"Hutto, Amy",DSTBLMAC,COPYBOOK,
PCCBTRML,COBOL,PCCBTRMLCOBOL,Life 70 (core batch processing stay on mainframe),"Hutto, Amy",Y2KCOBOL,COPYBOOK,
PCCBTRML,COBOL,PCCBTRMLCOBOL,Life 70 (core batch processing stay on mainframe),"Hutto, Amy",SCUXRMKS,DCLGEN,
PCCBTRML,COBOL,PCCBTRMLCOBOL,Life 70 (core batch processing stay on mainframe),"Hutto, Amy",SQLCA,DCLGEN,
PCCBTRML,COBOL,PCCBTRMLCOBOL,Life 70 (core batch processing stay on mainframe),"Hutto, Amy",ABEND,COBOL,STATIC
PCCBTRML,COBOL,PCCBTRMLCOBOL,Life 70 (core batch processing stay on mainframe),"Hutto, Amy",DSTBLMAN,COBOL,DYNAMIC
PCCBTRML,COBOL,PCCBTRMLCOBOL,Life 70 (core batch processing stay on mainframe),"Hutto, Amy",UTCB9010,COBOL,STATIC
PCCON020,COBOL,PCCON020COBOL,Life 70 (core batch processing stay on mainframe),"Hutto, Amy",UUCC5047,COPYBOOK,
PCCON020,COBOL,PCCON020COBOL,Life 70 (core batch processing stay on mainframe),"Hutto, Amy",UUCC5049,COPYBOOK,
PCCON020,COBOL,PCCON020COBOL,Life 70 (core batch processing stay on mainframe),"Hutto, Amy",UUCC5057,COPYBOOK,
PCCON020,COBOL,PCCON020COBOL,Life 70 (core batch processing stay on mainframe),"Hutto, Amy",BMCC8999,COPYBOOK,
PCCON020,COBOL,PCCON020COBOL,Life 70 (core batch processing stay on mainframe),"Hutto, Amy",ZZCC1101,COPYBOOK,
PCCON020,COBOL,PCCON020COBOL,Life 70 (core batch processing stay on mainframe),"Hutto, Amy",ZZCC1301,COPYBOOK,
PCCON020,COBOL,PCCON020COBOL,Life 70 (core batch processing stay on mainframe),"Hutto, Amy",ZZCC0001,COPYBOOK,
PCCON020,COBOL,PCCON020COBOL,Life 70 (core batch processing stay on mainframe),"Hutto, Amy",ZZCC0601,COPYBOOK,
PCCON020,COBOL,PCCON020COBOL,Life 70 (core batch processing stay on mainframe),"Hutto, Amy",ZZCC1401,COPYBOOK,
PCCON020,COBOL,PCCON020COBOL,Life 70 (core batch processing stay on mainframe),"Hutto, Amy",ZZCC0701,COPYBOOK,
PCCON020,COBOL,PCCON020COBOL,Life 70 (core batch processing stay on mainframe),"Hutto, Amy",ZZCC0801,COPYBOOK,
PCCON020,COBOL,PCCON020COBOL,Life 70 (core batch processing stay on mainframe),"Hutto, Amy",ZZCC2401,COPYBOOK,
PCCON020,COBOL,PCCON020COBOL,Life 70 (core batch processing stay on mainframe),"Hutto, Amy",ZZCC0402,COPYBOOK,
PCCON020,COBOL,PCCON020COBOL,Life 70 (core batch processing stay on mainframe),"Hutto, Amy",ZZCC0202,COPYBOOK,
PCCON020,COBOL,PCCON020COBOL,Life 70 (core batch processing stay on mainframe),"Hutto, Amy",BMCU8999,COBOL,DYNAMIC
PCCON020,COBOL,PCCON020COBOL,Life 70 (core batch processing stay on mainframe),"Hutto, Amy",ZZCU0013,COBOL,DYNAMIC
PCCON020,COBOL,PCCON020COBOL,Life 70 (core batch processing stay on mainframe),"Hutto, Amy",ZZCU0006,COBOL,DYNAMIC
PCCON020,COBOL,PCCON020COBOL,Life 70 (core batch processing stay on mainframe),"Hutto, Amy",BCAOC220,COBOL,DYNAMIC
PCCON020,COBOL,PCCON020COBOL,Life 70 (core batch processing stay on mainframe),"Hutto, Amy",ZZCU0024,COBOL,DYNAMIC
PCCON020,COBOL,PCCON020COBOL,Life 70 (core batch processing stay on mainframe),"Hutto, Amy",ZZCU0008,COBOL,DYNAMIC
PCCON020,COBOL,PCCON020COBOL,Life 70 (core batch processing stay on mainframe),"Hutto, Amy",ZZCU0014,COBOL,DYNAMIC
PCCON020,COBOL,PCCON020COBOL,Life 70 (core batch processing stay on mainframe),"Hutto, Amy",ZZCU0007,COBOL,DYNAMIC
PCCON020,COBOL,PCCON020COBOL,Life 70 (core batch processing stay on mainframe),"Hutto, Amy",ZZCU0009,COBOL,DYNAMIC
PCCON020,COBOL,PCCON020COBOL,Life 70 (core batch processing stay on mainframe),"Hutto, Amy",ZZCU0011,COBOL,DYNAMIC
PCVC0410,COBOL,PCVC0410COBOL,Life 70 (core batch processing stay on mainframe),"Hutto, Amy",Y2KCOBOL,COPYBOOK,
PCVC0410,COBOL,PCVC0410COBOL,Life 70 (core batch processing stay on mainframe),"Hutto, Amy",GTOCOM,COPYBOOK,
PCVC0410,COBOL,PCVC0410COBOL,Life 70 (core batch processing stay on mainframe),"Hutto, Amy",UTCC0002,COPYBOOK,
PCVC0410,COBOL,PCVC0410COBOL,Life 70 (core batch processing stay on mainframe),"Hutto, Amy",CMFINDTC,COPYBOOK,
PCVC0410,COBOL,PCVC0410COBOL,Life 70 (core batch processing stay on mainframe),"Hutto, Amy",PCCB0409,COBOL,DYNAMIC
PCVC0410,COBOL,PCVC0410COBOL,Life 70 (core batch processing stay on mainframe),"Hutto, Amy",NPCB0401,COBOL,DYNAMIC
PCVC0410,COBOL,PCVC0410COBOL,Life 70 (core batch processing stay on mainframe),"Hutto, Amy",PCCB0407,COBOL,DYNAMIC
PCVC0410,COBOL,PCVC0410COBOL,Life 70 (core batch processing stay on mainframe),"Hutto, Amy",CMFINDT,COBOL,STATIC
PCVC0410,COBOL,PCVC0410COBOL,Life 70 (core batch processing stay on mainframe),"Hutto, Amy",UTCB9010,COBOL,DYNAMIC
PCVC0410,COBOL,PCVC0410COBOL,Life 70 (core batch processing stay on mainframe),"Hutto, Amy",GTOMAN,COBOL,DYNAMIC
PCVC0410,COBOL,PCVC0410COBOL,Life 70 (core batch processing stay on mainframe),"Hutto, Amy",UTCB0410,COBOL,DYNAMIC
PCVC0410,COBOL,PCVC0410COBOL,Life 70 (core batch processing stay on mainframe),"Hutto, Amy",ABEND,COBOL,STATIC
PCVC0410,COBOL,PCVC0410COBOL,Life 70 (core batch processing stay on mainframe),"Hutto, Amy",RULEBCDE,COPYBOOK,
PCVC0410,COBOL,PCVC0410COBOL,Life 70 (core batch processing stay on mainframe),"Hutto, Amy",UTCB0002,COBOL,DYNAMIC
PE51,COBOL,PE51COBOL,Policy Exceptions,"Hutto, Amy",ACCBPCHG,COPYBOOK,
PE51,COBOL,PE51COBOL,Policy Exceptions,"Hutto, Amy",ACCBCCHG,COPYBOOK,
PE51,COBOL,PE51COBOL,Policy Exceptions,"Hutto, Amy",ACCBCHG,COPYBOOK,
PE51,COBOL,PE51COBOL,Policy Exceptions,"Hutto, Amy",Y2KCOBOL,COPYBOOK,
PE51,COBOL,PE51COBOL,Policy Exceptions,"Hutto, Amy",PRVPMRNY,COPYBOOK,
PE51,COBOL,PE51COBOL,Policy Exceptions,"Hutto, Amy",CURPMRNY,COPYBOOK,
PE51,COBOL,PE51COBOL,Policy Exceptions,"Hutto, Amy",PE51LOB,COBOL,STATIC
PE51,COBOL,PE51COBOL,Policy Exceptions,"Hutto, Amy",UTCB9010,COBOL,STATIC
PECO0030,COBOL,PECO0030COBOL,Policy Exceptions,"Hutto, Amy",UUCC5012,COPYBOOK,
PECO0030,COBOL,PECO0030COBOL,Policy Exceptions,"Hutto, Amy",BMCC8999,COPYBOOK,
PECO0030,COBOL,PECO0030COBOL,Policy Exceptions,"Hutto, Amy",ZZCC1101,COPYBOOK,
PECO0030,COBOL,PECO0030COBOL,Policy Exceptions,"Hutto, Amy",ZZCC1301,COPYBOOK,
PECO0030,COBOL,PECO0030COBOL,Policy Exceptions,"Hutto, Amy",ZZCC0001,COPYBOOK,
PECO0030,COBOL,PECO0030COBOL,Policy Exceptions,"Hutto, Amy",ZZCC0601,COPYBOOK,
PECO0030,COBOL,PECO0030COBOL,Policy Exceptions,"Hutto, Amy",ZZCC1401,COPYBOOK,
PECO0030,COBOL,PECO0030COBOL,Policy Exceptions,"Hutto, Amy",ZZCC0701,COPYBOOK,
PECO0030,COBOL,PECO0030COBOL,Policy Exceptions,"Hutto, Amy",ZZCC2401,COPYBOOK,
PECO0030,COBOL,PECO0030COBOL,Policy Exceptions,"Hutto, Amy",ZZCC0801,COPYBOOK,
PECO0030,COBOL,PECO0030COBOL,Policy Exceptions,"Hutto, Amy",ZZCC0402,COPYBOOK,
PECO0030,COBOL,PECO0030COBOL,Policy Exceptions,"Hutto, Amy",ZZCC0202,COPYBOOK,
PECO0030,COBOL,PECO0030COBOL,Policy Exceptions,"Hutto, Amy",BMCU8999,COBOL,DYNAMIC
PECO0030,COBOL,PECO0030COBOL,Policy Exceptions,"Hutto, Amy",ZZCU0013,COBOL,DYNAMIC
PECO0030,COBOL,PECO0030COBOL,Policy Exceptions,"Hutto, Amy",ZZCU0006,COBOL,DYNAMIC
PECO0030,COBOL,PECO0030COBOL,Policy Exceptions,"Hutto, Amy",ZZCU0014,COBOL,DYNAMIC
PECO0030,COBOL,PECO0030COBOL,Policy Exceptions,"Hutto, Amy",ZZCU0007,COBOL,DYNAMIC
PECO0030,COBOL,PECO0030COBOL,Policy Exceptions,"Hutto, Amy",ZZCU0024,COBOL,DYNAMIC
PECO0030,COBOL,PECO0030COBOL,Policy Exceptions,"Hutto, Amy",ZZCU0009,COBOL,DYNAMIC
PECO0030,COBOL,PECO0030COBOL,Policy Exceptions,"Hutto, Amy",ZZCU0008,COBOL,DYNAMIC
PECO0030,COBOL,PECO0030COBOL,Policy Exceptions,"Hutto, Amy",ZZCU0011,COBOL,DYNAMIC
PECO5030,COBOL,PECO5030COBOL,Policy Exceptions,"Hutto, Amy",ZZCC0601,COPYBOOK,
PECO5030,COBOL,PECO5030COBOL,Policy Exceptions,"Hutto, Amy",DFHBMSCA,COPYBOOK,
PECO5030,COBOL,PECO5030COBOL,Policy Exceptions,"Hutto, Amy",ZZCC1201,COPYBOOK,
PECO5030,COBOL,PECO5030COBOL,Policy Exceptions,"Hutto, Amy",ZZCC0001,COPYBOOK,
PECO5030,COBOL,PECO5030COBOL,Policy Exceptions,"Hutto, Amy",ZZCC0801,COPYBOOK,
PECO5030,COBOL,PECO5030COBOL,Policy Exceptions,"Hutto, Amy",ZZCC0203,COPYBOOK,
PECO5030,COBOL,PECO5030COBOL,Policy Exceptions,"Hutto, Amy",PEMO030,COPYBOOK,
PECO5030,COBOL,PECO5030COBOL,Policy Exceptions,"Hutto, Amy",ZZCU0012,COBOL,DYNAMIC
PECO5030,COBOL,PECO5030COBOL,Policy Exceptions,"Hutto, Amy",ZZCU0008,COBOL,DYNAMIC
PLCB0040,COBOL,PLCB0040COBOL,Omega Lit,"Hutto, Amy",Y2KCOBOL,COPYBOOK,
PLCB0040,COBOL,PLCB0040COBOL,Omega Lit,"Hutto, Amy",UTCB9010,COBOL,STATIC
PLCB0040,COBOL,PLCB0040COBOL,Omega Lit,"Hutto, Amy",ABEND,COBOL,STATIC
PLCB0041,COBOL,PLCB0041COBOL,Omega Lit,"Hutto, Amy",PHSEFS,COPYBOOK,
PLCB0041,COBOL,PLCB0041COBOL,Omega Lit,"Hutto, Amy",SCPFLKUP,DCLGEN,
PLCB0041,COBOL,PLCB0041COBOL,Omega Lit,"Hutto, Amy",SCPMCONT,DCLGEN,
PLCB0041,COBOL,PLCB0041COBOL,Omega Lit,"Hutto, Amy",SQLCA,DCLGEN,
PLCB0041,COBOL,PLCB0041COBOL,Omega Lit,"Hutto, Amy",ABEND,COBOL,STATIC
PMCON025,COBOL,PMCON025COBOL,Policy Master Record Inquiry,"Hutto, Amy",UUCC5075,COPYBOOK,
PMCON025,COBOL,PMCON025COBOL,Policy Master Record Inquiry,"Hutto, Amy",ZZCC1101,COPYBOOK,
PMCON025,COBOL,PMCON025COBOL,Policy Master Record Inquiry,"Hutto, Amy",ZZCC1301,COPYBOOK,
PMCON025,COBOL,PMCON025COBOL,Policy Master Record Inquiry,"Hutto, Amy",ZZCC0001,COPYBOOK,
PMCON025,COBOL,PMCON025COBOL,Policy Master Record Inquiry,"Hutto, Amy",ZZCC0601,COPYBOOK,
PMCON025,COBOL,PMCON025COBOL,Policy Master Record Inquiry,"Hutto, Amy",ZZCC1401,COPYBOOK,
PMCON025,COBOL,PMCON025COBOL,Policy Master Record Inquiry,"Hutto, Amy",ZZCC0801,COPYBOOK,
PMCON025,COBOL,PMCON025COBOL,Policy Master Record Inquiry,"Hutto, Amy",ZZCC0701,COPYBOOK,
PMCON025,COBOL,PMCON025COBOL,Policy Master Record Inquiry,"Hutto, Amy",ZZCC2401,COPYBOOK,
PMCON025,COBOL,PMCON025COBOL,Policy Master Record Inquiry,"Hutto, Amy",ZZCC0402,COPYBOOK,
PMCON025,COBOL,PMCON025COBOL,Policy Master Record Inquiry,"Hutto, Amy",ZZCC0202,COPYBOOK,
PMCON025,COBOL,PMCON025COBOL,Policy Master Record Inquiry,"Hutto, Amy",ZZCU0013,COBOL,DYNAMIC
PMCON025,COBOL,PMCON025COBOL,Policy Master Record Inquiry,"Hutto, Amy",ZZCU0006,COBOL,DYNAMIC
PMCON025,COBOL,PMCON025COBOL,Policy Master Record Inquiry,"Hutto, Amy",UUCO2431,COBOL,DYNAMIC
PMCON025,COBOL,PMCON025COBOL,Policy Master Record Inquiry,"Hutto, Amy",ZZCU0008,COBOL,DYNAMIC
PMCON025,COBOL,PMCON025COBOL,Policy Master Record Inquiry,"Hutto, Amy",ZZCU0007,COBOL,DYNAMIC
PMCON025,COBOL,PMCON025COBOL,Policy Master Record Inquiry,"Hutto, Amy",ZZCU0035,COBOL,STATIC
PMCON025,COBOL,PMCON025COBOL,Policy Master Record Inquiry,"Hutto, Amy",ZZCU0024,COBOL,DYNAMIC
PMCON025,COBOL,PMCON025COBOL,Policy Master Record Inquiry,"Hutto, Amy",ZZCU0009,COBOL,DYNAMIC
PMCON025,COBOL,PMCON025COBOL,Policy Master Record Inquiry,"Hutto, Amy",ZZCU0014,COBOL,DYNAMIC
PMCON025,COBOL,PMCON025COBOL,Policy Master Record Inquiry,"Hutto, Amy",ZZCU0011,COBOL,DYNAMIC
PMCOP35A,COBOL,PMCOP35ACOBOL,Policy Master Record Inquiry,"Hutto, Amy",ZZCC1304,COPYBOOK,
PMCOP35A,COBOL,PMCOP35ACOBOL,Policy Master Record Inquiry,"Hutto, Amy",ZZCC2602,COPYBOOK,
PMCOP35A,COBOL,PMCOP35ACOBOL,Policy Master Record Inquiry,"Hutto, Amy",ZZCC0401,COPYBOOK,
PMCOP35A,COBOL,PMCOP35ACOBOL,Policy Master Record Inquiry,"Hutto, Amy",ZZCC0402,COPYBOOK,
PMCOP35A,COBOL,PMCOP35ACOBOL,Policy Master Record Inquiry,"Hutto, Amy",ZZCC0202,COPYBOOK,
PMCOP35A,COBOL,PMCOP35ACOBOL,Policy Master Record Inquiry,"Hutto, Amy",PMCC0130,COPYBOOK,
PMCOP35A,COBOL,PMCOP35ACOBOL,Policy Master Record Inquiry,"Hutto, Amy",ZZCC1101,COPYBOOK,
PMCOP35A,COBOL,PMCOP35ACOBOL,Policy Master Record Inquiry,"Hutto, Amy",ZZCC1301,COPYBOOK,
PMCOP35A,COBOL,PMCOP35ACOBOL,Policy Master Record Inquiry,"Hutto, Amy",ZZCC0001,COPYBOOK,
PMCOP35A,COBOL,PMCOP35ACOBOL,Policy Master Record Inquiry,"Hutto, Amy",DFHEIBLK,COPYBOOK,
PMCOP35A,COBOL,PMCOP35ACOBOL,Policy Master Record Inquiry,"Hutto, Amy",DFHBMSCA,COPYBOOK,
PMCOP35A,COBOL,PMCOP35ACOBOL,Policy Master Record Inquiry,"Hutto, Amy",PM12,TRANSACTION,STATIC
PMCOP35A,COBOL,PMCOP35ACOBOL,Policy Master Record Inquiry,"Hutto, Amy",PM13,TRANSACTION,STATIC
PMCOP35A,COBOL,PMCOP35ACOBOL,Policy Master Record Inquiry,"Hutto, Amy",ZZCU0011,COBOL,DYNAMIC
PMCOP35B,COBOL,PMCOP35BCOBOL,Policy Master Record Inquiry,"Hutto, Amy",DFHAID,COPYBOOK,
PMCOP35B,COBOL,PMCOP35BCOBOL,Policy Master Record Inquiry,"Hutto, Amy",DFHBMSCA,COPYBOOK,
PMCOP35B,COBOL,PMCOP35BCOBOL,Policy Master Record Inquiry,"Hutto, Amy",PM18,TRANSACTION,STATIC
PMCOP35C,COBOL,PMCOP35CCOBOL,Policy Master Record Inquiry,"Hutto, Amy",ZZCC1304,COPYBOOK,
PMCOP35C,COBOL,PMCOP35CCOBOL,Policy Master Record Inquiry,"Hutto, Amy",ZZCC2602,COPYBOOK,
PMCOP35C,COBOL,PMCOP35CCOBOL,Policy Master Record Inquiry,"Hutto, Amy",ZZCC0401,COPYBOOK,
PMCOP35C,COBOL,PMCOP35CCOBOL,Policy Master Record Inquiry,"Hutto, Amy",ZZCC0402,COPYBOOK,
PMCOP35C,COBOL,PMCOP35CCOBOL,Policy Master Record Inquiry,"Hutto, Amy",ZZCC0202,COPYBOOK,
PMCOP35C,COBOL,PMCOP35CCOBOL,Policy Master Record Inquiry,"Hutto, Amy",DFHEIBLK,COPYBOOK,
POCOS107,COBOL,POCOS107COBOL,Omega Reissues,"Hutto, Amy",UUCC5098,COPYBOOK,
POCOS107,COBOL,POCOS107COBOL,Omega Reissues,"Hutto, Amy",UUCC5070,COPYBOOK,
POCOS107,COBOL,POCOS107COBOL,Omega Reissues,"Hutto, Amy",POCC8000,COPYBOOK,
POCOS107,COBOL,POCOS107COBOL,Omega Reissues,"Hutto, Amy",ZZCC1101,COPYBOOK,
POCOS107,COBOL,POCOS107COBOL,Omega Reissues,"Hutto, Amy",ZZCC1301,COPYBOOK,
POCOS107,COBOL,POCOS107COBOL,Omega Reissues,"Hutto, Amy",ZZCC0001,COPYBOOK,
POCOS107,COBOL,POCOS107COBOL,Omega Reissues,"Hutto, Amy",UTOC0002,COPYBOOK,
POCOS107,COBOL,POCOS107COBOL,Omega Reissues,"Hutto, Amy",ZZCC0701,COPYBOOK,
POCOS107,COBOL,POCOS107COBOL,Omega Reissues,"Hutto, Amy",ZZCC2401,COPYBOOK,
POCOS107,COBOL,POCOS107COBOL,Omega Reissues,"Hutto, Amy",ZZCC0402,COPYBOOK,
POCOS107,COBOL,POCOS107COBOL,Omega Reissues,"Hutto, Amy",ZZCC0202,COPYBOOK,
POCOS107,COBOL,POCOS107COBOL,Omega Reissues,"Hutto, Amy",ZZCU0007,COBOL,DYNAMIC
POCOS107,COBOL,POCOS107COBOL,Omega Reissues,"Hutto, Amy",ZZCU0035,COBOL,STATIC
POCOS107,COBOL,POCOS107COBOL,Omega Reissues,"Hutto, Amy",ZZCU0009,COBOL,DYNAMIC
POCOS107,COBOL,POCOS107COBOL,Omega Reissues,"Hutto, Amy",ZZCU0024,COBOL,DYNAMIC
POCOS107,COBOL,POCOS107COBOL,Omega Reissues,"Hutto, Amy",ZZCU0013,COBOL,DYNAMIC
POCOS107,COBOL,POCOS107COBOL,Omega Reissues,"Hutto, Amy",POCU8000,COBOL,DYNAMIC
POCOS107,COBOL,POCOS107COBOL,Omega Reissues,"Hutto, Amy",RULEOCDE,COPYBOOK,
POCOS107,COBOL,POCOS107COBOL,Omega Reissues,"Hutto, Amy",UTCO0002,COBOL,DYNAMIC
POCOS160,COBOL,POCOS160COBOL,Omega Reissues,"Hutto, Amy",COCCL077,COPYBOOK,
POCOS160,COBOL,POCOS160COBOL,Omega Reissues,"Hutto, Amy",UUCC5070,COPYBOOK,
POCOS160,COBOL,POCOS160COBOL,Omega Reissues,"Hutto, Amy",UTCC0840,COPYBOOK,
POCOS160,COBOL,POCOS160COBOL,Omega Reissues,"Hutto, Amy",POCC8000,COPYBOOK,
POCOS160,COBOL,POCOS160COBOL,Omega Reissues,"Hutto, Amy",ZZCC1101,COPYBOOK,
POCOS160,COBOL,POCOS160COBOL,Omega Reissues,"Hutto, Amy",ZZCC1301,COPYBOOK,
POCOS160,COBOL,POCOS160COBOL,Omega Reissues,"Hutto, Amy",ZZCC0001,COPYBOOK,
POCOS160,COBOL,POCOS160COBOL,Omega Reissues,"Hutto, Amy",ZZCC0701,COPYBOOK,
POCOS160,COBOL,POCOS160COBOL,Omega Reissues,"Hutto, Amy",ZZCC2401,COPYBOOK,
POCOS160,COBOL,POCOS160COBOL,Omega Reissues,"Hutto, Amy",ZZCC4601,COPYBOOK,
POCOS160,COBOL,POCOS160COBOL,Omega Reissues,"Hutto, Amy",UTOC0002,COPYBOOK,
POCOS160,COBOL,POCOS160COBOL,Omega Reissues,"Hutto, Amy",ZZCC0402,COPYBOOK,
POCOS160,COBOL,POCOS160COBOL,Omega Reissues,"Hutto, Amy",ZZCC0202,COPYBOOK,
POCOS160,COBOL,POCOS160COBOL,Omega Reissues,"Hutto, Amy",POCU8000,COBOL,DYNAMIC
POCOS160,COBOL,POCOS160COBOL,Omega Reissues,"Hutto, Amy",ZZCU0013,COBOL,DYNAMIC
POCOS160,COBOL,POCOS160COBOL,Omega Reissues,"Hutto, Amy",ZZCU0007,COBOL,DYNAMIC
POCOS160,COBOL,POCOS160COBOL,Omega Reissues,"Hutto, Amy",UUCO2431,COBOL,DYNAMIC
POCOS160,COBOL,POCOS160COBOL,Omega Reissues,"Hutto, Amy",POCOS169,COBOL,DYNAMIC
POCOS160,COBOL,POCOS160COBOL,Omega Reissues,"Hutto, Amy",UTCO9010,COBOL,DYNAMIC
POCOS160,COBOL,POCOS160COBOL,Omega Reissues,"Hutto, Amy",ZZCU0024,COBOL,DYNAMIC
POCOS160,COBOL,POCOS160COBOL,Omega Reissues,"Hutto, Amy",POCOS10A,COBOL,DYNAMIC
POCOS160,COBOL,POCOS160COBOL,Omega Reissues,"Hutto, Amy",POCO0200,COBOL,DYNAMIC
POCOS160,COBOL,POCOS160COBOL,Omega Reissues,"Hutto, Amy",UTCO0840,COBOL,DYNAMIC
POCOS160,COBOL,POCOS160COBOL,Omega Reissues,"Hutto, Amy",POCOS099,COBOL,DYNAMIC
POCOS160,COBOL,POCOS160COBOL,Omega Reissues,"Hutto, Amy",POCOS16F,COBOL,DYNAMIC
POCOS160,COBOL,POCOS160COBOL,Omega Reissues,"Hutto, Amy",POCOS16E,COBOL,DYNAMIC
POCOS160,COBOL,POCOS160COBOL,Omega Reissues,"Hutto, Amy",ZZCU0009,COBOL,DYNAMIC
POCOS160,COBOL,POCOS160COBOL,Omega Reissues,"Hutto, Amy",POCOGE01,COBOL,DYNAMIC
POCOS160,COBOL,POCOS160COBOL,Omega Reissues,"Hutto, Amy",ZZCU0046,COBOL,DYNAMIC
POCOS160,COBOL,POCOS160COBOL,Omega Reissues,"Hutto, Amy",ZZCU0011,COBOL,DYNAMIC
POCOS160,COBOL,POCOS160COBOL,Omega Reissues,"Hutto, Amy",RULEOCDE,COPYBOOK,
POCOS160,COBOL,POCOS160COBOL,Omega Reissues,"Hutto, Amy",UTCO0002,COBOL,DYNAMIC
PPCOP120,COBOL,PPCOP120COBOL,Policy Pages,"Hutto, Amy",UUCC5069,COPYBOOK,
PPCOP120,COBOL,PPCOP120COBOL,Policy Pages,"Hutto, Amy",UUCC5066,COPYBOOK,
PPCOP120,COBOL,PPCOP120COBOL,Policy Pages,"Hutto, Amy",ZZCC0901,COPYBOOK,
PPCOP120,COBOL,PPCOP120COBOL,Policy Pages,"Hutto, Amy",PPCC8200,COPYBOOK,
PPCOP120,COBOL,PPCOP120COBOL,Policy Pages,"Hutto, Amy",ZZCC1101,COPYBOOK,
PPCOP120,COBOL,PPCOP120COBOL,Policy Pages,"Hutto, Amy",ZZCC1301,COPYBOOK,
PPCOP120,COBOL,PPCOP120COBOL,Policy Pages,"Hutto, Amy",ZZCC0001,COPYBOOK,
PPCOP120,COBOL,PPCOP120COBOL,Policy Pages,"Hutto, Amy",ZZCC0601,COPYBOOK,
PPCOP120,COBOL,PPCOP120COBOL,Policy Pages,"Hutto, Amy",ZZCC1401,COPYBOOK,
PPCOP120,COBOL,PPCOP120COBOL,Policy Pages,"Hutto, Amy",ZZCC0701,COPYBOOK,
PPCOP120,COBOL,PPCOP120COBOL,Policy Pages,"Hutto, Amy",ZZCC2401,COPYBOOK,
PPCOP120,COBOL,PPCOP120COBOL,Policy Pages,"Hutto, Amy",ZZCC0402,COPYBOOK,
PPCOP120,COBOL,PPCOP120COBOL,Policy Pages,"Hutto, Amy",ZZCC0202,COPYBOOK,
PPCOP120,COBOL,PPCOP120COBOL,Policy Pages,"Hutto, Amy",PPCU8200,COBOL,DYNAMIC
PPCOP120,COBOL,PPCOP120COBOL,Policy Pages,"Hutto, Amy",ZZCU0013,COBOL,DYNAMIC
PPCOP120,COBOL,PPCOP120COBOL,Policy Pages,"Hutto, Amy",ZZCU0006,COBOL,DYNAMIC
PPCOP120,COBOL,PPCOP120COBOL,Policy Pages,"Hutto, Amy",ZZCU0009,COBOL,DYNAMIC
PPCOP120,COBOL,PPCOP120COBOL,Policy Pages,"Hutto, Amy",ZZCU0024,COBOL,DYNAMIC
PPCOP120,COBOL,PPCOP120COBOL,Policy Pages,"Hutto, Amy",ZZCU0014,COBOL,DYNAMIC
PPCOP120,COBOL,PPCOP120COBOL,Policy Pages,"Hutto, Amy",ZZCU0007,COBOL,DYNAMIC
PPCOP120,COBOL,PPCOP120COBOL,Policy Pages,"Hutto, Amy",ZZCU0011,COBOL,DYNAMIC
PRCB9002,COBOL,PRCB9002COBOL,Rerates,"Hutto, Amy",PRCCMISC,COPYBOOK,
PRCB9002,COBOL,PRCB9002COBOL,Rerates,"Hutto, Amy",PRCCMPRE,COPYBOOK,
PRCB9002,COBOL,PRCB9002COBOL,Rerates,"Hutto, Amy",PRCCPLAN,COPYBOOK,
PRCB9002,COBOL,PRCB9002COBOL,Rerates,"Hutto, Amy",PRCCPPRM,COPYBOOK,
PRCB9002,COBOL,PRCB9002COBOL,Rerates,"Hutto, Amy",Y2KCOBOL,COPYBOOK,
PRCB9002,COBOL,PRCB9002COBOL,Rerates,"Hutto, Amy",ABEND,COBOL,STATIC
WWCB901Z,COBOL,WWCB901ZCOBOL,"Policy Services Workflow
Owner: Amy","Hutto, Amy",Y2KCOBOL,COPYBOOK,
WWCB901Z,COBOL,WWCB901ZCOBOL,"Policy Services Workflow
Owner: Amy","Hutto, Amy",UTCB9010,COBOL,STATIC
WWCB901Z,COBOL,WWCB901ZCOBOL,"Policy Services Workflow
Owner: Amy","Hutto, Amy",CEE3ABD,COBOL,STATIC
PECO0030,COBOL,PECO0030COBOL,Policy Exceptions,"Hutto, Amy",PECO5030,COBOL,
